"id","name","wikiTitle","source","status"
"25196","VIP Card","","","missing"
"25198","Steel Hammer 99T","Level 31-40","https://static.wikia.nocookie.net/wonderlandonline/images/2/26/Bursting_XD-1-.jpg/revision/latest/scale-to-width-down/320?cb=20110412051515","failed"
"25207","Friendship Brooch","","","missing"
"25208","Swift Saddle","","","missing"
"25218","Monster Net","Instance","https://static.wikia.nocookie.net/wonderlandonline/images/8/84/YoYo_Family.png/revision/latest/scale-to-width-down/307?cb=20110902132544","failed"
"25228","Steel Hammer 200T","Level 31-40","https://static.wikia.nocookie.net/wonderlandonline/images/2/26/Bursting_XD-1-.jpg/revision/latest/scale-to-width-down/320?cb=20110412051515","failed"
"25229","Steel Hammer 400T","Level 31-40","https://static.wikia.nocookie.net/wonderlandonline/images/2/26/Bursting_XD-1-.jpg/revision/latest/scale-to-width-down/320?cb=20110412051515","failed"
"25230","Steel Hammer 600T","Elevator","https://static.wikia.nocookie.net/wonderlandonline/images/5/55/Elevator_close_and_open_.png/revision/latest?cb=20131002002236","failed"
"25535","Bash Saddle","","","missing"
"25536","Magic Saddle","","","missing"
"25540","Decelerate Saddle","","","missing"
"25604","Fast Jet","","","missing"
"25641","Tenacity Saddle","","","missing"
"25848","Special Shadow Pack","Clive","https://static.wikia.nocookie.net/wonderlandonline/images/7/75/Magellan1.jpg/revision/latest/scale-to-width-down/320?cb=20260221161415","failed"
"25849","Golden Shadow Pack","","","missing"
"26001","Sky Blade Box","Damascus Blade","https://static.wikia.nocookie.net/wonderlandonline/images/5/5b/Dam_Sword.png/revision/latest?cb=20200302072809","failed"
"26002","Dharma Sword Box","","","missing"
"26003","Beast Devil Fork Box","Eva","https://static.wikia.nocookie.net/wonderlandonline/images/0/06/Eva1.jpg/revision/latest/scale-to-width-down/320?cb=20260315160043","failed"
"26004","Spirit Devil Fork Box","Eva","https://static.wikia.nocookie.net/wonderlandonline/images/0/06/Eva1.jpg/revision/latest/scale-to-width-down/320?cb=20260315160043","failed"
"26005","Shining Wand Box","","","missing"
"26006","Brilliant Staff Box","","","missing"
"26007","Tongpu Box","","","missing"
"26008","Energy Halo Box","","","missing"
"26009","Golden Cat Ear Box","Evru's Puzzle","https://static.wikia.nocookie.net/wonderlandonline/images/7/7b/Evru_-_2nd.jpg/revision/latest/scale-to-width-down/320?cb=20090711190758","failed"
"26010","Golden Up Ear Box","Turtle Car","https://static.wikia.nocookie.net/wonderlandonline/images/1/1e/Turtle_Car_chart.jpg/revision/latest/scale-to-width-down/320?cb=20251125235153","failed"
"26011","Jade Rabbit Ear Box","The Lonely Jade Rabbit","https://static.wikia.nocookie.net/wonderlandonline/images/1/16/Houyi.jpg/revision/latest?cb=20110805032320","failed"
"26012","Dark Devil Wings Box","","","missing"
"26013","Archangel Wings Box","","","missing"
"26014","Great Angel Wings Box","","","missing"
"26015","Crescent Long Bow Box","","","missing"
"26016","Golden Double Rings Box","","","missing"
"26017","Purple Wing Suit Box","","","missing"
"26018","Kung-Fu Suit Box","","","missing"
"26019","Thunder Spear Box","","","missing"
"30099","Key of Gold Box","Key of Blue Box - Egypt Key","https://static.wikia.nocookie.net/wonderlandonline/images/8/8e/Keyofblueboxcairoegypt1.jpg/revision/latest/scale-to-width-down/316?cb=20091215040214","failed"
"30101","Strong Scroll","Characters","https://static.wikia.nocookie.net/wonderlandonline/images/f/f5/Alice2.jpg/revision/latest/scale-to-width-down/320?cb=20080731070932","failed"
"30124","Registration Voucher","","","missing"
"30133","Boarded Voucher","","","missing"
"30135","Wishing Coin","","","missing"
"30371","Purple Chest Key","Secret Path Under the Gravestone","https://static.wikia.nocookie.net/wonderlandonline/images/a/ad/Secret_Path_Under_the_Gravestone.png/revision/latest/scale-to-width-down/320?cb=20150818233540","failed"
"30522","Name Change Eraser","","","missing"
"30852","Imperial Voucher","","","missing"
"30888","Phoenix Voucher","","","missing"
"32163","Fruit Cake","Kitchen Range","https://static.wikia.nocookie.net/wonderlandonline/images/5/5b/Low-Temperature_Kiln.png/revision/latest?cb=20130708005423","failed"
"32164","Neapolitan Sundaes","","","missing"
"32173","Pork Bone Noodle","Kitchen Range","https://static.wikia.nocookie.net/wonderlandonline/images/5/5b/Low-Temperature_Kiln.png/revision/latest?cb=20130708005423","failed"
"32174","Pork Miso Noodle","Kitchen Range","https://static.wikia.nocookie.net/wonderlandonline/images/5/5b/Low-Temperature_Kiln.png/revision/latest?cb=20130708005423","failed"
"33052","System Grenade","","","missing"
"33053","Korean Cake","","","missing"
"33054","Lollipop","Dream about Hero","https://static.wikia.nocookie.net/wonderlandonline/images/8/8f/Dream_about_hero1.png/revision/latest/scale-to-width-down/320?cb=20141226121644","failed"
"33055","Big Bowling","","","missing"
"34006","Normal GPS","Newbie's Guide","https://static.wikia.nocookie.net/wonderlandonline/images/c/c8/Battle_Icons.png/revision/latest?cb=20081124022727","failed"
"34010","Alchemy Book 2","Compounding","https://static.wikia.nocookie.net/wonderlandonline/images/d/d7/Compounding_Pot.gif/revision/latest?cb=20080614165050","failed"
"34011","Alchemy Book 3","Compounding","https://static.wikia.nocookie.net/wonderlandonline/images/d/d7/Compounding_Pot.gif/revision/latest?cb=20080614165050","failed"
"34015","Glazed Stone Bag","Sliced Lamb","https://static.wikia.nocookie.net/wonderlandonline/images/5/5d/Sliced_lamb_table.jpg/revision/latest?cb=20110407182935","failed"
"34017","Dog Bone","","","missing"
"34018","Transfer Mirror","","","missing"
"34020","Magic Set Box","","","missing"
"34021","Magic Magnet","I Want to Go Home","https://static.wikia.nocookie.net/wonderlandonline/images/e/ef/40thief1.jpg/revision/latest/scale-to-width-down/320?cb=20091214234601","failed"
"34022","Tent Palette","","","missing"
"34026","Protective EXP Pill","","","missing"
"34073","Mixed Noodles","Crystal Furnace","https://static.wikia.nocookie.net/wonderlandonline/images/2/24/Crystal_Furnace.png/revision/latest?cb=20240723085419","failed"
"34099","2X EXP Copper Card","","","missing"
"34100","2X EXP Silver Card","","","missing"
"34101","2X EXP Gold Card","","","missing"
"34102","4 Leaves Grass","Holy Village","https://static.wikia.nocookie.net/wonderlandonline/images/8/83/Holy.jpg/revision/latest/scale-to-width-down/320?cb=20080607165807","failed"
"34103","5 Leaves Grass","Holy Village","https://static.wikia.nocookie.net/wonderlandonline/images/8/83/Holy.jpg/revision/latest/scale-to-width-down/320?cb=20080607165807","failed"
"34104","Repairing Spanner","","","missing"
"34105","Repairing Potion","Recovery Potion","https://static.wikia.nocookie.net/wonderlandonline/images/6/6a/Holy_Water.jpg/revision/latest?cb=20110831195517","failed"
"34110","3X EXP Potion","","","missing"
"34119","Copper Amity Jelly","","","missing"
"34120","Silver Amity Jelly","","","missing"
"34121","Gold Amity Jelly","","","missing"
"34132","Loudspeaker","","","missing"
"34133","Space Contract","Garage","https://static.wikia.nocookie.net/wonderlandonline/images/8/88/Garage.png/revision/latest?cb=20130628220852","failed"
"34137","Pet Lethe Scroll","China Pet Lethe Scrolls","https://static.wikia.nocookie.net/wonderlandonline/images/9/92/C1.jpg/revision/latest/scale-to-width-down/320?cb=20120422195002","failed"
"34155","Small Tear Plier","","","missing"
"34157","Sakura Door Voucher","","","missing"
"34158","Beach Door Voucher","","","missing"
"34163","Teleport Scroll","Cursed Scroll","https://static.wikia.nocookie.net/wonderlandonline/images/9/91/Cursed_Scroll_General.png/revision/latest?cb=20260622141949","failed"
"34164","Escape Button","Don't Leave! Shasha!","https://static.wikia.nocookie.net/wonderlandonline/images/0/01/Shashadeathp1.jpg/revision/latest/scale-to-width-down/320?cb=20120808180514","failed"
"34166","Delay Clock","Dragon Spirit's trial","https://static.wikia.nocookie.net/wonderlandonline/images/f/fd/DS_Maps.png/revision/latest/scale-to-width-down/251?cb=20100524123656","failed"
"34167","Sewing Tools","Manufacturing","https://static.wikia.nocookie.net/wonderlandonline/images/c/cd/Auto-machine.jpg/revision/latest?cb=20100110180511","failed"
"34168","Time Mantle","","","missing"
"34169","Bamboo Dragonfly","","","missing"
"34170","Weapon Model","","","missing"
"34171","Gift Pack","","","missing"
"34172","7 Colors Egg","","","missing"
"34175","Seasonal Maid Outfit","Maid Robot","https://static.wikia.nocookie.net/wonderlandonline/images/8/87/147589.png/revision/latest?cb=20130423005305","failed"
"34176","Bunny Maid Outfit","","","missing"
"34177","Kitten Maid Outfit","","","missing"
"34179","Magnifying Glass","","","missing"
"34180","Stopwatch","","","missing"
"34181","Training Voucher","Level 31-40","https://static.wikia.nocookie.net/wonderlandonline/images/2/26/Bursting_XD-1-.jpg/revision/latest/scale-to-width-down/320?cb=20110412051515","failed"
"34192","War Pack","Instance","https://static.wikia.nocookie.net/wonderlandonline/images/8/84/YoYo_Family.png/revision/latest/scale-to-width-down/307?cb=20110902132544","failed"
"34196","Divorce Seal","Character Wedding","https://static.wikia.nocookie.net/wonderlandonline/images/9/94/Wedding.png/revision/latest/scale-to-width-down/320?cb=20110213210246","failed"
"34198","Rebirth Box","Remote Control","https://static.wikia.nocookie.net/wonderlandonline/images/4/44/Remote_control.jpg/revision/latest/scale-to-width-down/139?cb=20100110171746","failed"
"34199","Strengthen Pack","Instance","https://static.wikia.nocookie.net/wonderlandonline/images/8/84/YoYo_Family.png/revision/latest/scale-to-width-down/307?cb=20110902132544","failed"
"34200","Present Case","","","missing"
"34201","Transferred Pack","","","missing"
"34229","Gear Pack","Instance","https://static.wikia.nocookie.net/wonderlandonline/images/8/84/YoYo_Family.png/revision/latest/scale-to-width-down/307?cb=20110902132544","failed"
"34233","Passion Bouquet","","","missing"
"34236","Chili Sauce","","","missing"
"34239","Demon Scroll","Ghostdom Pet Scroll","https://static.wikia.nocookie.net/wonderlandonline/images/9/94/G1.jpg/revision/latest/scale-to-width-down/320?cb=20120422201808","failed"
"34248","Scroll Pack","Instance","https://static.wikia.nocookie.net/wonderlandonline/images/8/84/YoYo_Family.png/revision/latest/scale-to-width-down/307?cb=20110902132544","failed"
"34249","Wasabi","","","missing"
"34260","Newbie Box","Newbie's Guide","https://static.wikia.nocookie.net/wonderlandonline/images/c/c8/Battle_Icons.png/revision/latest?cb=20081124022727","failed"
"34264","Enhanced Skin Milk","","","missing"
"34269","Potential Pill","Potential Pill","https://static.wikia.nocookie.net/wonderlandonline/images/4/43/Potential_Pill.jpg/revision/latest?cb=20110831194140","failed"
"34270","Space Capsule","Space Craft","https://static.wikia.nocookie.net/wonderlandonline/images/2/26/Aether_Landing_Craft.png/revision/latest?cb=20090111212130","failed"
"34281","Healing Potion","Recovery Potion","https://static.wikia.nocookie.net/wonderlandonline/images/6/6a/Holy_Water.jpg/revision/latest?cb=20110831195517","failed"
"34282","SP Potion","Instance","https://static.wikia.nocookie.net/wonderlandonline/images/8/84/YoYo_Family.png/revision/latest/scale-to-width-down/307?cb=20110902132544","failed"
"34283","Super HP Potion","Recovery Potion","https://static.wikia.nocookie.net/wonderlandonline/images/6/6a/Holy_Water.jpg/revision/latest?cb=20110831195517","failed"
"34284","Super SP Potion","","","missing"
"34296","Bless Pack","","","missing"
"34297","Ghost War Horse Pack","","","missing"
"34298","HP Bottle","Southern Robber's Hideout","https://static.wikia.nocookie.net/wonderlandonline/images/6/6d/Pineforest_loc.jpg/revision/latest?cb=20090617160131","failed"
"34299","SP Bottle","Southern Robber's Hideout","https://static.wikia.nocookie.net/wonderlandonline/images/6/6d/Pineforest_loc.jpg/revision/latest?cb=20090617160131","failed"
"34335","HP Bottle","Southern Robber's Hideout","https://static.wikia.nocookie.net/wonderlandonline/images/6/6d/Pineforest_loc.jpg/revision/latest?cb=20090617160131","failed"
"34336","SP  Bottle","Southern Robber's Hideout","https://static.wikia.nocookie.net/wonderlandonline/images/6/6d/Pineforest_loc.jpg/revision/latest?cb=20090617160131","failed"
"34337","Good HP Bottle","Southern Robber's Hideout","https://static.wikia.nocookie.net/wonderlandonline/images/6/6d/Pineforest_loc.jpg/revision/latest?cb=20090617160131","failed"
"34338","Good SP Bottle","Southern Robber's Hideout","https://static.wikia.nocookie.net/wonderlandonline/images/6/6d/Pineforest_loc.jpg/revision/latest?cb=20090617160131","failed"
"34339","Super HP Bottle","","","missing"
"34340","Super SP Bottle","","","missing"
"34346","Naughty Dolphin Pack","","","missing"
"34367","Naughty Monkey Pack","","","missing"
"34378","Yes-No Board","Great Navigator","https://static.wikia.nocookie.net/wonderlandonline/images/e/e3/Magellan%27s_Fleet.png/revision/latest/scale-to-width-down/320?cb=20260425153356","failed"
"34399","Fuel Bank","","","missing"
"34455","Dragon Scale Lucky Bag","Hot Kiln","https://static.wikia.nocookie.net/wonderlandonline/images/e/e6/Hot_Kiln.png/revision/latest?cb=20090730062128","failed"
"34631","Mystic Spar Lucky Bag","","","missing"
"34649","Holy Beast Lucky Bag","Hot Air Balloon","https://static.wikia.nocookie.net/wonderlandonline/images/7/75/Hot_Air_Balloon_chart.jpg/revision/latest/scale-to-width-down/320?cb=20251125235556","failed"
"34691","Celestial Wing Voucher","","","missing"
"34704","Demonic Horn Voucher","","","missing"
"35100","Training Box","Remote Control","https://static.wikia.nocookie.net/wonderlandonline/images/4/44/Remote_control.jpg/revision/latest/scale-to-width-down/139?cb=20100110171746","failed"
"35103","Maid Box","","","missing"
"35110","GPS Pack","","","missing"
"37065","Coal Block","Low-Temperature Kiln","https://static.wikia.nocookie.net/wonderlandonline/images/5/5b/Low-Temperature_Kiln.png/revision/latest?cb=20130708005423","failed"
"37075","Liquid Gas","Crude Oil Equipment","https://static.wikia.nocookie.net/wonderlandonline/images/c/c0/Crude_Oil_Equipment.png/revision/latest?cb=20130625005653","failed"
"37090","Wisdom Crystal","Maid Robot","https://static.wikia.nocookie.net/wonderlandonline/images/8/87/147589.png/revision/latest?cb=20130423005305","failed"
"37101","Magic Wool Ball","Cotton Thread","https://static.wikia.nocookie.net/wonderlandonline/images/6/6e/Spinning_Machine.png/revision/latest?cb=20130624103219","failed"
"37143","Magnet Stone","I Want to Go Home","https://static.wikia.nocookie.net/wonderlandonline/images/e/ef/40thief1.jpg/revision/latest/scale-to-width-down/320?cb=20091214234601","failed"
"37257","Memory Crystal","Memory crystal","https://static.wikia.nocookie.net/wonderlandonline/images/f/f4/Elin_memory_3.png/revision/latest/scale-to-width-down/320?cb=20240718072553","failed"
"39066","Robo Maid","Maid Robot","https://static.wikia.nocookie.net/wonderlandonline/images/8/87/147589.png/revision/latest?cb=20130423005305","failed"
"39074","Mystic Hourglass","","","missing"
"39083","Tiger Skin Carpet","Brotherhood","https://static.wikia.nocookie.net/wonderlandonline/images/d/df/Winocai.png/revision/latest/scale-to-width-down/320?cb=20180622221027","failed"
"39091","Folding Screen","","","missing"
"39122","Large Gas Storage Tank","Buoyancy Device","https://static.wikia.nocookie.net/wonderlandonline/images/3/38/Submarine.png/revision/latest?cb=20240713111332","failed"
"47010","Brilliant Diamond","","","missing"
"47011","Unleaded Gasoline","Crude Oil Equipment","https://static.wikia.nocookie.net/wonderlandonline/images/c/c0/Crude_Oil_Equipment.png/revision/latest?cb=20130625005653","failed"
"47012","Great Gasoline","Crude Oil Equipment","https://static.wikia.nocookie.net/wonderlandonline/images/c/c0/Crude_Oil_Equipment.png/revision/latest?cb=20130625005653","failed"
"47013","Diesel Oil","Crude Oil Equipment","https://static.wikia.nocookie.net/wonderlandonline/images/c/c0/Crude_Oil_Equipment.png/revision/latest?cb=20130625005653","failed"
"55001","Trilobite Pack","","","missing"
"55073","Potato Chips Pack (50)","Level 41-50","https://static.wikia.nocookie.net/wonderlandonline/images/7/79/Shadow_pestle.jpg/revision/latest?cb=20110922202704","failed"
"55074","Fried Chicken Pack (50)","Fried Fish","https://static.wikia.nocookie.net/wonderlandonline/images/a/a6/Fried_Fish_Table.jpg/revision/latest?cb=20110407173823","failed"
"55077","Roman Warrior Bag","","","missing"
"55078","New Companion Gear Bag","","","missing"
"55079","Battle Boost Lucky Bag","Instance","https://static.wikia.nocookie.net/wonderlandonline/images/8/84/YoYo_Family.png/revision/latest/scale-to-width-down/307?cb=20110902132544","failed"
"55083","Chinese General Bag","","","missing"
"55086","Snow Songstress Bag","","","missing"
"56272","Pink Ribbon Lucky Bag","","","missing"
"56683","Dark Dharma King Bag","","","missing"
"56867","Cat Shoes Lucky Bag","Lucky Cat","https://static.wikia.nocookie.net/wonderlandonline/images/e/e6/Hot_Kiln.png/revision/latest?cb=20090730062128","failed"
"57205","Cyan Bone Dual Fan Bag","","","missing"
"57418","Gem Dharma Sword Bag","Damascus Blade","https://static.wikia.nocookie.net/wonderlandonline/images/5/5b/Dam_Sword.png/revision/latest?cb=20200302072809","failed"
"57786","Class Weapon Lucky Bag","Legendary Weapon","https://static.wikia.nocookie.net/wonderlandonline/images/4/4e/Legendary_Weapon_-_1st.jpg/revision/latest/scale-to-width-down/320?cb=20090711193121","failed"
"60008","Hot Water","Mighty Plane","https://static.wikia.nocookie.net/wonderlandonline/images/c/c9/Mighty_Plane_chart.jpg/revision/latest/scale-to-width-down/320?cb=20251125235434","failed"
"61062","Chaos Crystal","Disease Spread","https://static.wikia.nocookie.net/wonderlandonline/images/c/cb/Screenshot_2025-04-27_204815.jpg/revision/latest/scale-to-width-down/320?cb=20250428005013","failed"
"62006","20% Bomb Diamond","","","missing"
"62007","22% Bomb Diamond","Yellow diamond","https://static.wikia.nocookie.net/wonderlandonline/images/7/70/Yellow_Diamond.jpg/revision/latest/scale-to-width-down/317?cb=20100628194019","failed"
"62008","24% Bomb Diamond","Yellow diamond","https://static.wikia.nocookie.net/wonderlandonline/images/7/70/Yellow_Diamond.jpg/revision/latest/scale-to-width-down/317?cb=20100628194019","failed"
"62009","26% Bomb Diamond","Yellow diamond","https://static.wikia.nocookie.net/wonderlandonline/images/7/70/Yellow_Diamond.jpg/revision/latest/scale-to-width-down/317?cb=20100628194019","failed"
