10000,??(??) 
10001,??2(??) 
10002,plate 
10003,Violin 
10004,Syringe 
10031,Copper Knife 
10032,Bronze Knife 
10033,Iron Knife 
10034,Pure Iron Knife 
10035,Falchion 
10036,Copper Falchion 
10037,Bronze Falchion 
10038,Iron Falchion 
10039,Pure Iron Falchion 
10040,Steel Broadswords 
10041,Copper Saber 
10042,Bronze Saber 
10043,Iron Saber 
10044,Pure Iron Saber 
10045,Steel Saber 
10046,Wind Rip 
10047,Crystal Knife 
10048,Crescent Knife 
10049,Moon Knife 
10050,Arabia Knife 
10051,Pirate Rip 
10052,Katana 
10053,Crescent Katana 
10054,Invisible Knife 
10055,Ghost Horn Knife 
10056,Poison Knife 
10057,Violet Falchion 
10058,Red Falchion 
10059,????(?) 
10060,?????(?) 
10061,????(?) 
10062,Broken Knife 
10063,Machete 
10064,Sharp Katana 
10065,Cold Falchion 
10066,Indian Machete 
10067,Warrior's Falchion 
10068,Steel Falchion 
10069,Killer Falchion 
10070,Warm Falchion 
10071,????(?) 
10072,????(?) 
10073,Samurai Katana 
10074,Wind Aurora Sword 
10075,Spring Katana 
10076,Lotus Falcon 
10077,Cracking Broadsword  
10078,Crescent Machete 
10079,Beast Bone Falchion 
10080,Chopping Falchion 
10081,Muramasa Katana 
10082,Cool Blue Falchion 
11031,Copper Sword 
11032,Bronze Sword 
11033,Iron Sword 
11034,Pure Iron Sword 
11035,Steel Sword 
11036,Copper Fine Sword 
11037,Bronze Fine Sword 
11038,Iron Fine Sword 
11039,Pure Iron Fine Sword 
11040,Steel Fine Sword 
11041,Copper Big Sword 
11042,Bronze Big Sword 
11043,Iron Big Sword 
11044,Pure Iron Big Sword 
11045,Steel Big Sword 
11046,Titanium Sword 
11047,Warriors Sword 
11048,Sky Sword+5 
11049,Round Sword 
11050,Lord Sword+5 
11051,Skeleton Sword 
11052,Skinny Bronze Sword 
11053,Skeleton Iron Sword 
11054,Skinny Iron Sword 
11055,Skeleton Steel Sword 
11056,????(?) 
11057,?????(?) 
11058,????(?) 
11059,??¡??(?) 
11060,Soul Sword 
11061,Rip Sword 
11062,Rip Bronze Sword 
11063,Rip Iron Sword 
11064,Rip Pure Iron Sword 
11065,Rip Steel Sword 
11066,???(?) 
11067,???(?) 
11068,???(?) 
11069,Wave Sword 
11070,Wave Bronze Sword 
11071,Wave Iron Sword 
11072,Curly Iron Sword 
11073,Wave Steel Sword 
11074,Western Sword 
11075,Thorn Sword 
11076,Perfect Sword 
11077,?????(?) 
11078,???(?) 
11079,????(?) 
11080,????(?) 
11081,?????(?) 
11082,????(?) 
11083,??¡??(?) 
11084,?????(?) 
11085,????(?) 
11086,??(?) 
11087,???(?) 
11088,????(?) 
11089,?????(?) 
11090,????(?) 
11091,????(?) 
11092,????(?) 
11093,????(?) 
11094,????(?) 
11095,????(?) 
11096,??(?) 
11097,??(?) 
11098,Broken Sword 
11099,Great Sword 
11100,Magellan's Sword 
11101,Sky Sword 
11102,Lord Sword 
11103,Sky Sword+1 
11104,Lord Sword+1 
11105,Sky Sword+2 
11106,Lord Sword+2 
11107,Sky Sword+3 
11108,Lord Sword+3 
11109,Frederico's Sword 
11110,Sky Sword+4 
11111,Lord Sword+4 
11112,Carl's Sword 
11113,Carl's Sword 
11114,Dragon Sword 
11115,Fire Sword 
11116,Twin Swords 
11117,Sky Sword+6 
11118,Lord Sword+6 
11119,Wolf Soul 
11120,Water Aurora Sword 
11121,Long Bronze Sword 
11122,Gold Rip Sword 
11123,Sunny Sword 
11124,Victoria's Sword 
11125,Guard's Sword 
11126,King Sword 
11127,Magic Sword 
11128,Twin Bluemoon Blades 
11129,Violet Sword 
11130,Sky Sword+7 
11131,Lord Sword+7 
11132,Immense Sword 
11133,Sky Sword+8 
11134,Lord Sword+8 
11135,Choppy Iron Sword 
11136,Dragon Rage Sword 
11137,Steel Rock Sword 
11138,Sky Sword +9 
11139,Lord Sword +9 
11140,Golden Broadsword 
11141,Silver Epee 
11142,Hell's Sword 
11143,Goddess' Sword 
11144,Swirling Blade 
11145,Frozen Dragon Sword 
12031,Spear 
12032,Great Spear  
12033,War Spear 
12034,Copper Spear 
12035,Bronze Spear 
12036,Iron Spear 
12037,Pure Iron Spear 
12038,Steel Spear 
12039,War Copper Spear 
12040,War Bronze Spear 
12041,War Iron Spear 
12042,War Pure Iron Spear 
12043,War Steel Spear 
12044,Long Spear 
12045,Rider's Spear 
12046,Perfect Spear  
12047,Broad Spear 
12048,Perfect Broad Spear 
12049,Skull Long Spear 
12050,Perfect Long Spear 
12051,Ghost Halberd 
12052,Goblin Halberd 
12053,War Halberd 
12054,King Halberd  
12055,Great Trident 
12056,Bronze Trident 
12057,Iron Trident  
12058,Pure Iron Trident 
12059,Steel Trident 
12060,Long Scythe 
12061,Death Scythe 
12062,Long Falchion 
12063,Knight's Spear 
12064,???(?) 
12065,Dragon's Wing Spear 
12066,???(?) 
12067,???(?) 
12068,?????(?) 
12069,Broken Halberd 
12070,Blade Halberd 
12071,Bronze Halberd 
12072,Beast Fork 
12073,Spirit Fork 
12074,Beast Fork+1 
12075,Spirit Fork+1 
12076,Beast Fork+2 
12077,Spirit Fork+2 
12078,Beast Fork+3 
12079,Spirit Fork+3 
12080,Beast Fork+4 
12081,Spirit Fork+4 
12082,Beast Fork+5 
12083,Spirit Fork+5 
12084,Cross Pike 
12085,Evil Fork 
12086,Soldier's Spear 
12087,Golden Pike 
12088,Sharp Pike 
12089,Acuminate Halberd 
12090,Black Spear 
12503,Athena's Spear 
12504,Beast Fork+6 
12505,Spirit Fork+6 
12506,Earth Aurora Sword 
12507,Fire Aurora Sword 
12091,Heavy Spear 
12092,Fast Cross Pike 
12093,Beast Fork+7 
12094,Beast Folk+7 
12095,Athena's Spear 
12096,Beast Fork+8 
12097,Beast Folk+8 
12098,Sky Halberd 
12099,Beast Fork +9 
12100,Spirit Fork +9 
12101,Thunder Spear 
12102,Thunder Spear+1 
12103,Thunder Spear+2 
12104,Thunder Spear+3 
12105,Thunder Spear+4 
12106,Thunder Spear+5 
12107,Thunder Spear+6 
12108,Thunder Spear+7 
12109,Thunder Spear+8 
12110,Thunder Spear+9 
12111,Dusk War Halberd 
12112,Frozen Spear 
12113,Mars Halberd 
12114,Blue Spear 
13031,Short Bow 
13032,Great Bow 
13033,Pretty Bow 
13034,Hunter's Bow 
13035,Long Bow 
13036,Great Long Bow 
13037,Pretty Long Bow 
13038,Grass Bow 
13039,Meniscus Bow 
13040,Wing Bow 
13041,Sun Bow 
13042,Cursed Crossbow 
13043,Blessed Bow 
13044,Shining Bow 
13045,???(?) 
13046,???(?) 
13047,?À(?) 
13048,???(?) 
13049,¹???(?) 
13050,????(?) 
13051,???(?) 
13052,??À(?) 
13053,???(?) 
13054,???(?) 
13055,???(?) 
13056,???(?) 
13057,??À(?) 
13058,??À(?) 
13059,Crescent Bow+5 
13060,Crescent Bow+3 
13061,Crescent Bow 
13062,Crescent Bow+1 
13063,Crescent Bow+2 
13064,Broken Bow 
13065,Red Bow 
13066,Wooden Bow 
13067,Shadow Bow 
13068,Crescent Bow+4 
13069,Crescent Bow+6 
13070,Blue Moon Bow 
14031,Magical Wand  
14032,Mage's Wand 
14033,Wizard's Wand 
14034,Teeth Wand 
14035,Red Wand 
14036,Golden Wand 
14037,Globe Wand 
14038,Tin Staff 
14039,Jade Staff 
14040,Yellow Staff 
14041,Emerald Staff 
14042,Dreaming Staff 
14043,Crystal Staff 
14044,Spirit Staff 
14045,Sapphire Staff 
14046,Ruby Staff 
14047,Forest Staff 
14048,Soul Staff 
14049,Giant Staff 
14050,Sea Staff 
14051,Leaf Staff 
14052,Whirlpool Wand 
14053,Demon Wand 
14054,Fairy Wand 
14055,Holy Wand 
14056,Desire Wand 
14057,Deity Wand 
14058,Fallen Angel's Wand 
14059,Archangel's Wand 
14060,Ancient Wand 
14061,Lead Wand 
14062,Defence Wand 
14063,Broken Wand 
14064,Honor Wand 
14065,Feather Staff 
14066,Stone Wand 
14067,Dragon Staff 
14068,Special Stick 
14069,Candy Stick 
14070,Candy Wand 
14071,Christmas Staff 
14072,Tear Staff 
14073,Lucy's Staff 
14074,Nana's Staff 
14075,Golden Stick 
14076,Polished Wand 
14077,Flying Staff 
14078,Light Wand 
14079,Polished Wand+1 
14080,Light Wand+1 
14081,Polished Wand+2 
14082,Light Wand+2 
14083,Polished Wand+3 
14084,Light Wand+3 
14085,Polished Wand+4 
14086,Light Wand+4 
14087,Bead Wand 
14088,Scale Wand 
14089,Crystal Wand 
14090,Tin Wand 
14091,Feather Wand 
14092,Silver Wand 
14093,Wooden Wand 
14094,Blue Wand 
14095,Peace Wand 
14096,Fly Wand 
14097,Fragrant Wand 
14098,Dragon Wand 
14099,Sapphire Wand 
14100,Wing Wand 
14101,Beryl Wand 
14102,Black Wand 
14103,Thunder Wand 
14104,Evil Wand 
14105,Seer Wand 
14106,Magic Wand  
14107,Bright Wand 
14108,Miranda's Wand 
14109,Pure Wand 
14110,Jade Wand 
14111,Smooth Wand 
14112,Power Wand 
14113,Miranda's Wand 
14114,Thut's Wand 
14115,Dragon Soul Wand 
14116,Turquoise Wand 
14117,Crystal Blue Wand 
14118,Eagle Wand 
14119,Moon Wand 
14120,Polished Wand+5 
14121,Light Wand+5 
14122,Polished Wand+6 
14123,Light Wand+6 
14124,Earth Aurora Staff 
14125,Water Aurora Staff 
14126,FireAurora Staff 
14127,Wind Aurora Staff 
14128,Shining Staff 
14129,Aurora Staff 
14130,Gold Staff 
14131,Polished Wand+7 
14132,Light Wand+7 
14133,Icy Wand 
14134,Silver Staff 
14135,Ice Dragon Staff 
14136,Polished Wand+8 
14137,Light Wand+8 
14138,Holy Light Staff 
14139,Snow Staff 
14140,Compression Staff 
14141,Frozen Orb Staff 
14142,Prison Eclipse Staff 
14143,Golden Wand 
14144,Polished Wand +9 
14145,Light Wand +9 
14146,Star Wand 
14147,Thorny Wand 
14148,Blue Candy Wand 
14149,Green Candy Wand 
14150,Pink Candy Wand 
14151,Wave Shifting Wand 
14152,Wand of Defiance 
14153,Blessing Wand 
14154,Sharp Eagle Wand 
14155,Peaceful Wand 
14156,Redmoon Wand 
14157,Moonlight Wand 
14158,Sacred  Wand 
14159,Cotton Candy Wand 
14160,Orange Candy Wand 
15031,Copper Claw 
15032,Bronze Claw 
15033,Iron Claw 
15034,Pure Iron Claw 
15035,Steel Claw 
15036,Golden Claw 
15037,Lion King Claw 
15038,Blooded Claw 
15039,Boxing Claw 
15040,Crazy Claw 
15041,Twin Claws 
15042,Violent  Claw 
15043,Silvery Claw 
15044,Poison Claw 
15045,Demon Claw 
15046,Crescent Claw 
15047,???(?) 
15048,Twin Rings 
15049,Double Rings 
15050,Golden Rings 
15051,Broken Claw 
15052,Honor Claw 
15053,Golden Rings+1 
15054,Golden Rings+2 
15055,Golden Rings+3 
15056,Golden Rings+4 
15057,Golden Rings+5 
15058,Golden Rings+6 
15059,Thunder Talon 
15060,Golden Rings+7 
15061,Golden Rings+8 
15062,Blazing Sun Talon 
15063,Golden Rings +9 
15064,Thorn Rings 
15065,Icy Dragon Claw 
17031,Adze 
17032,Ax 
17033,Bone Ax 
17034,Double Blades Ax 
17035,Bronze Adze 
17036,Iron Adze 
17037,Pure Iron Adze 
17038,Steel Adze 
17039,Copper Ax 
17040,Bronze Ax 
17041,Iron Ax 
17042,Pure Iron Ax 
17043,Steel Ax 
17044,Silvery Ax 
17045,Golden Ax 
17046,War Ax 
17047,Tao's Ax 
17048,Big Ax 
17049,Long Handled Ax 
17050,Bronze Hatchet 
17051,Red Hatchet 
17052,Iron Hatchet 
17053,Golden Hatchet 
17054,Black Ax 
17055,?????(?) 
17056,???(?) 
17057,?????(?) 
17058,????(?) 
17059,???(?) 
17060,???(?) 
17061,???(?) 
17062,??¹?(?) 
17063,????(?) 
17064,Stone Ax 
17065,???(?) 
17066,Broken Ax 
17067,Sharp Ax 
17068,Rock Ax 
17069,???(??) 
17070,Blue Axe 
17071,Silver Axe 
18001,Schoolbag 
18002,Craftsman's Pestle 
18031,Oak Stick 
18032,Lauan Stick 
18033,Cypress Stick 
18034,Big Oak Stick 
18035,Big Lauan Stick 
18036,Big Cypress Stick 
18037,Thorn Stick 
18038,Great Thorn Stick 
18039,Iron Stick 
18040,Great Iron Stick 
18041,Stone Gavel 
18042,Meteorite Gavel 
18043,Big Stone Gavel 
18044,Giant Gavel 
18045,Toy Gavel 
18046,Wooden Gavel 
18047,Copper Gavel  
18048,Bronze Gavel 
18049,Iron Gavel 
18050,Pure Iron Gavel 
18051,Steel Gavel 
18052,Thorn Gavel 
18053,Thorn Pestle 
18054,??(?) 
18055,???(?) 
18056,????(?) 
18057,Shadow Pestle 
18058,????(?) 
18059,????(?) 
18060,¹???(?) 
18061,????(?) 
18062,Broken Gavel 
18063,Attack Pestle 
18064,Fine Stick 
18065,Agnailed Stick 
18066,Attack Pestle+1 
18067,Attack Pestle+2 
18068,Attack Pestle+3 
18069,Attack Pestle+4 
18070,Bouquets 
18071,Lover's Bouquet 
18072,Gale Mace 
18073,Hematite Mallet 
18074,Rock Hammer 
18075,Bliss Bouquet 
19001,Fan 
19031,?????(?) 
19032,?????(?) 
19033,?????(?) 
19034,?????(?) 
19035,?????(?) 
19036,?????(?) 
19037,?????(?) 
19038,¹????(?) 
19039,?????(?) 
19040,?????(?) 
19041,?????(?) 
19042,?????(?) 
19043,?????(?) 
19044,????(?) 
19045,????(?) 
19046,?????(?) 
19047,?????(?) 
19048,????(?) 
19049,????(?) 
19050,????(?) 
19051,Circular Fan 
19052,Circular Fan 
19053,Silver Fan 
19054,Adv Circular Fan 
19055,Broken Fan 
20031,Arquebus 
20032,Great Gun  
20033,Long Arquebus 
20034,Dragon Gun 
20035,Rifle 
20036,Assault Rifle 
20037,Bazooka 
20038,Great Bazooka 
20039,Broken Gun 
20040,Cylindric Gun 
20041,Emmagee 
20042,Long Gun 
20043,Shotgun 
20044,Plasma Gun 
20045,Plasma Wafer 
20046,Louis' Gun 
20047,Pistol 
20048,Plasma Wafer 
21001,Boy's Suit 
21002,Small Dress 
21003,Harness pants 
21004,Dust Coat 
21005,Jeans 
21006,Sailor's Suit 
21007,Racing Suit 
21008,Uniform 
21009,Restaurant Uniform  
21010,Violinists Suit 
21011,Nurse's Clothes 
21012,Bartender's Uniform 
21013,Kimono 
21014,Craftsman's Clothes 
21015,Uniform 
21061,Leather Garment 
21062,Tiger-Fur Coat 
21063,Artificial Coat 
21064,Great Coat 
21065,White Coat 
21066,Black Coat 
21067,Blue Coat 
21068,Green Coat 
21069,Red Coat 
21070,Golden Coat 
21071,Hemp Clothes 
21072,Color Clothes 
21073,Cotton Clothes 
21074,Light Coat 
21075,Masked Suit 
21076,Hidden Suit 
21077,Flying Suit 
21078,Red Suit 
21079,Thorn Suit 
21080,Dress 
21081,Tailored Dress 
21082,Ninja Suit 
21083,Iga Suit 
21084,Koraka Suit 
21085,Demon Suit 
21086,Gennan Suit 
21087,Lock Armor 
21088,Heavy Armor 
21089,Bronze Armor 
21090,Knight's Armor 
21091,Blue Armor 
21092,Red Loricae 
21093,White Armor 
21094,Silvery Armor 
21095,Colorful Armor 
21096,Eagle Armor 
21097,Body Armor 
21098,Steel Armor 
21099,War Armor 
21100,Light Armor 
21101,Clear Armor 
21102,Fierce Armor 
21103,Silk Qi Pao 
21104,Pretty Qi Pao 
21105,Golden Qi Pao 
21106,Defensive Armor 
21107,Perfect Armor 
21108,King's Gown 
21109,Evil Gown 
21110,????(?) 
21111,????(?) 
21112,Demon Gown 
21113,Cotton Gown 
21114,Purple Gown 
21115,Wooden Gown 
21116,Red Gown 
21117,Black Gown 
21118,Metal Gown 
21119,Silvery Gown 
21120,Broken Clothes 
21121,Men's Robe 
21122,Christmas Suit 
21123,Light Clothes 
21124,Warm Clothes 
21125,Leather Armor 
21126,Qi Pao 
21127,Ninja Suit 
21128,Grey Gown 
21129,Copper Armor 
21130,Bark Armor 
21131,Pure Iron Armor 
21132,Sea Armor 
21133,Power Armor 
21134,Downy Armor 
21135,War Demon Armor 
21136,Pure Iron Loricae 
21137,Blue Qi Pao 
21138,Water Qi Pao 
21139,Satin Qi Pao 
21140,Purple Qi Pao 
21141,Black Qi Pao 
21142,Morning Wear 
21143,Luncheon Wear 
21144,Party Wear 
21145,Evening Wear 
21146,Night Wear 
21147,Gray Gown 
21148,Light Gown 
21149,Dark Clothes 
21150,Soft Clothes 
21151,Gold Armor 
21152,Green Clothes 
21153,Plume Clothes 
21154,Silk Clothes 
21155,Blue Steel Armor 
21156,Red Armor 
21157,Shining Armor 
21158,Black Armor 
21159,Defense Armor 
21160,Fly Clothes 
21161,Subtle Clothes 
21162,Red Clothes 
21163,Sky Clothes 
21164,Bath Shawl 
21165,??(?) 
21166,Blue Dragon Gown 
21167,Green Dragon Gown 
21168,Red Dragon Gown 
21169,Magic Gown 
21170,???(?) 
21171,White Dragon Gown 
21172,Fur Clothes (Male) 
21173,Fur Clothes(Female) 
21174,Purple Wing Robe 
21175,Purple Wing Robe+1 
21176,Wave Clothes 
21177,Bright Clothes 
21178,Swift Clothes 
21179,Wild Clothes 
21180,Wolf Clothes 
21181,Fur Clothes 
21182,Concealment Clothes 
21183,War Clothes 
21184,King's Loricae 
21185,Jade Loricae 
21186,Sea Loricae 
21187,Future Loricae 
21188,Leaf Clothes 
21189,Red Qi Pao 
21190,Killer's Clothes 
21191,Warrior's Clothes 
21192,Knight's Clothes 
21193,Wit Clothes 
21194,Priest's Clothes 
21195,Seer's Clothes 
21196,Woman's Robe 
21197,Mist Robe 
21198,Sun Robe 
21199,??? 
21200,Blue Woolen Clothes 
21201,Green Woolen Clothes 
21202,Red Woolen Clothes 
21203,Red Monster Clothes 
21204,Yellow Mantle 
21205,Green Mantle 
21206,Blue Monster Clothes 
21207,Groom's Wear 
21208,Bride's Wear 
21209,Purple Wing Robe+2 
21210,Purple Wing Robe+3 
21211,Purple Wing Robe+4 
21212,Purple Wing Robe+5 
21213,Kung-Fu Suit 
21214,Kung-Fu Suit+1 
21215,Kung-Fu Suit+2 
21216,Kung-Fu Suit+3 
21217,Kung-Fu Suit+4 
21218,Kung-Fu Suit+5 
21219,Light Kung-Fu Suit 
21220,Blue Kung-Fu Suit 
21221,Lord Gown 
21222,Soldier's Clothes 
21223,Purple Wing Robe+6 
21224,Kung-Fu Suit+6 
21225,Earth Aurora Clothes 
21226,Water Aurora Clothes 
21227,Fire Aurora Clothes 
21228,Wind Aurora Clothes 
21229,Purple Loricae 
21230,Magic Clothes 
21231,Gloomy Loricae 
21232,Pure Gown 
21233,Qlaya's Shawl 
21234,Kanako's Jaket 
21235,Red Bellyband 
21236,Magic Dragon Cloak 
21237,Purple Armor 
21238,Verdant Wing Suit 
21239,Shadow Armor 
21240,Dusk Armor 
21241,Gray Ninja Suit 
21242,Wolf Suit 
21243,Test 
21244,Test 
21245,Test 
21246,Test 
21247,Test 
21248,Test 
21249,Test 
21250,Test 
21251,Test 
21252,Test 
21253,Test 
21254,Test 
21255,Delicate Kimono 
21256,Wind Demon Suit 
21257,Beast Fur Suit 
21258,Water Elf Gown 
21259,Purple Demon Suit 
21260,Duke Shadow Suit 
21261,Wizard Suit 
21262,M-White Day Suit 
21263,F-White Day Suit 
21264,Dark Feather Suit 
21265,Test 
21266,Test 
21267,Test 
21268,Test 
21269,Test 
21270,Test 
21271,Test 
21272,Test 
21273,Test 
21274,Test 
21275,Test 
21276,Test 
21277,Test 
21278,Test 
21279,Test 
21280,Test 
21281,Test 
21282,Swift Dragon Suit 
22001,Wing Headdress 
22002,Flower Headdress 
22003,Star Headdress 
22004,Lovely Headdress 
22005,Sailor's Hat 
22006,Nurse's Hat 
22007,Round Headdress 
22008,Band 
22009,Headscarf 
22061,Headband 
22062,Red Headband 
22063,Pink Headband 
22064,Cat Headdress 
22065,Green Headdress 
22066,Blue Headdress 
22067,Crest 
22068,Pink Crest 
22069,Blue Crest 
22070,Purple Crest 
22071,GoldCrest 
22072,Hat 
22073,Vine Hat 
22074,Bamboo Hat 
22075,Iron Hairwear 
22076,Copper Hairwear 
22077,Pink Helmet 
22078,Blue Helmet 
22079,Crystal Helmet 
22080,Gold Helmet 
22081,Footman's Helmet 
22082,Knight's Helmet 
22083,Hero's Helmet 
22087,Cloth Hat 
22088,Leather Hat 
22089,Mage's Hat 
22090,Wizard's Hat 
22091,Pirate's Hat 
22092,Bronze Helmet 
22093,Pure Iron Helmet 
22094,Steel Helmet 
22095,Golden Helmet 
22096,Yellow Helmet 
22097,Sea Helmet 
22098,Warrior's Helmet 
22099,Green Hairwear 
22100,Yellow Hairwear 
22101,Red Hairwear 
22102,Fighting Helmet 
22103,Roman Helmet 
22104,Goose Helmet 
22105,Phoenix Helmet 
22106,Blue Bird Helmet 
22107,Beard Helmet 
22108,Dragon Helmet 
22109,Snow Helmet 
22110,Scale Hairwear 
22112,Cat Earrings 
22113,Grey Earrings 
22114,Black Earrings 
22115,Rabbit Earrings 
22116,Ashen Earrings 
22117,Dark Ears 
22118,Copper Crest 
22119,Iron Crest 
22120,Pure Iron Crest 
22121,Steel Crest 
22122,Sage's Hat 
22123,Red Lord Crest 
22124,White Lord Crest 
22125,Broken Hairwear 
22126,Santa Hat 
22127,Grass Crest 
22128,Ox Horn Hat 
22129,Deity Hat 
22130,Ninja Helmet 
22131,Deer King's Horn 
22132,Cat's Ears 
22133,Deer Horn Hat 
22134,Green Ears 
22135,Energy Halo 
22136,Magic Hat 
22137,Wizard Cap 
22138,Star Cap 
22139,Sage Cap 
22140,Leaf Crest 
22141,Maple Crest 
22142,Stone Crest 
22143,Crown 
22144,Honor Crown 
22145,Mage Crown 
22146,Spirit Crown 
22147,Legendary Crown 
22148,Smart Helmet 
22149,War Helmet 
22150,Steel Roman Helmet 
22151,Golden Roman Helmet 
22152,Leather Cap 
22153,Maid's Hairwear 
22154,White Cat Ears 
22155,Defence Ears 
22156,Gold Swan Helmet 
22157,Gold Ears 
22158,Stand Ears 
22159,Jade Ears 
22160,Gold Ears+1 
22161,Stand Ears+1 
22162,Jade Ears+1 
22163,Energy Halo+1 
22164,Fox Hairwear 
22165,Kitten Hairwear 
22166,Snow Ears 
22167,Swan Wing Helmet 
22168,Gold Ears+2 
22169,Stand Ears+2 
22170,Jade Ears+2 
22171,Energy Halo+2 
22172,Gold Ears+3 
22173,Stand Ears+3 
22174,Jade Ears+3 
22175,Energy Halo+3 
22176,Light Leather Hat 
22177,Brown Feather Hat 
22178,Magic Feather Hat 
22179,Grass Hat 
22180,Dark Wizard Hat 
22181,Purple Star Hat 
22182,Cloud Helmet 
22183,Dark Helmet 
22184,Swan Helmet 
22185,Sun Crown 
22186,Sky Crown 
22187,Bluish Helmet 
22188,Jade Helmet 
22189,Iron Helmet 
22190,Snow Mask 
22191,Bead Torque 
22192,Emerald Torque 
22193,Silvery Torque 
22194,Potential Headscarf 
22195,Leaf Headscarf 
22196,Perfect Headscarf 
22197,Heavenly Headband 
22198,Killer Cap 
22199,Warrior Cap 
22200,Knight Cap 
22201,Wit Cap 
22202,Priest Cap 
22203,Seer Cap 
22204,Christmas Cap 
22205,Soul Helmet 
22206,Magic Cap 
22207,Gold Ears+4 
22208,Stand Ears+4 
22209,Jade Ears+4 
22210,Energy Halo+4 
22211,Bride's Veil 
22212,Sea Crest 
22213,Gold Ears+5 
22214,Stand Ears+5 
22215,Jade Ears+5 
22216,Energy Halo+5 
22217,Rainy Doll 
22218,Sunny Doll 
22219,Sea Wing Helmet 
22220,Gold Ears+6 
22221,Stand Ears+6 
22222,Jade Ears+6 
22223,Energy Halo+6 
22224,Earth Aurora Hat 
22225,Water Aurora Hat 
22226,Fire Aurora Hat 
22227,Wind Aurora Hat 
22228,Silvery Star 
22229,Delicate Helmet 
22230,Banana Peel Helmet 
22231,Traveller's Hat 
22232,Arez's Armor  
22233,Thunder Hairpin 
22234,Pirate's Eye Patch 
22235,Deity Headscarf 
22236,Fairy Crest 
22237,Purple Helmet 
22238,Gold Ears+7 
22239,Bunny Ears+7 
22240,Energy Halo+7 
22241,Eagle Headwear 
22242,Cooling Cap 
22243,Red Hood 
22244,Gold Ears+8 
22245,Bunny Ears+8 
22246,Energy Halo+8 
22247,Masked Helmet 
22248,Gold Ears+9 
22249,Jade Rabbit Ears +9 
22250,Energy Halo +9 
22251,Brass Beast Helmet 
22252,Sunglow Helmet 
22253,Mist Headband 
22254,Purple Headband 
22255,Steel Helmet 
22256,Holy Crest 
22257,Eagle Headband 
22258,Grey Feather Hat 
22259,White Day Veil  
22260,White Day Hat 
22501,Iron Helmet 
22502,Bell Headband 
22503,Redbell Headband 
22504,Blue Gem Crest 
23001,Gloves 
23002,Competition Gloves 
23061,Beast Fur Bracers 
23062,Tiger Fur Bracers 
23063,Leather Bracers 
23064,Wooden Bracers 
23065,Bamboo Bracers 
23066,Iron Bracers 
23067,Flax Gloves 
23068,Cotton Gloves 
23069,Leather Gloves 
23070,Great Gloves 
23077,Copper Cuffs 
23078,Bronze Cuffs 
23079,Iron Cuffs 
23080,Pure Iron Cuffs 
23081,Iga Gloves 
23082,Koraka Gloves 
23083,Demon Gloves 
23084,Gennan Gloves 
23085,Magic Gloves 
23086,Wizard Gloves 
23087,Giant Demon Gloves 
23088,Super Gloves 
23089,Steel Cuffs 
23090,Beast Cuffs 
23091,Crystal Cuffs 
23092,Mist Cuffs 
23093,Snow Cuffs 
23094,Eagle Cuffs 
23095,Kunlun Cuffs 
23096,Sunrise Cuffs 
23097,Chaos Cuffs 
23098,????(?) 
23099,????(?) 
23100,????(?) 
23101,????(?) 
23102,????(?) 
23103,????(?) 
23104,Coarse Cuffs 
23105,Broken Cuffs 
23106,Teeth Bracers 
23107,Gold Bracers 
23108,Beast Bracers 
23109,Ghost Bracers 
23110,Water Bracers 
23111,Spirit Gloves 
23112,Vine Bracers 
23113,Shield Bracers 
23114,Green Dragon Bracers 
23115,Red Dragon Bracers 
23116,Deity Bracers 
23117,Resistent Bracers 
23118,Leather Gloves 
23119,White Gloves 
23120,Steel Bracers 
23121,Gray Steel Bracers 
23122,Silvery Bracers 
23123,Arm Bracers 
23124,Crystal Bracers 
23125,Ice Bracers 
23126,Flame Bracers 
23127,Green Bracers 
23128,Sharp Bracers 
23129,Black Bracers 
23130,Light Bracers 
23131,Mysterious Bracers 
23132,Gold Gloves 
23133,Swift Bracers 
23134,Net Bracers 
23135,Steel Thorn Bracers 
23136,Red Leather Bracers 
23137,Blue-rip Bracers 
23138,Gold Rings 
23139,Flame Gloves 
23140,Water Gloves 
23141,Flying Gloves 
23142,Light Gloves 
23143,Wolf Bracers 
23144,Killer's Gloves 
23145,Warrior's Gloves 
23146,Knight's Gloves 
23147,Wit Gloves 
23148,Priest's Gloves 
23149,Seer's Gloves 
23150,Magic Gloves 
23151,Silk Bracers 
23152,Heart Bracers 
23153,Blue War Bracers 
23154,Thorn Bracers 
23155,Cloth Armband 
23156,Earth Aurora Bracers 
23157,Water Aurora Bracers 
23158,Fire Aurora Bracers 
23159,Wind Aurora Bracers 
23160,Green-rip Bracers 
23161,Gold-rip Bracers 
23162,Silk Gloves 
23163,Hard Bracers 
23164,Emerald Armlet 
23165,Plasma Machine 
23166,Demon Bell 
23167,Mayan Gloves 
23168,Blue Ray Wristband 
23169,Verdant Wristband 
23170,Beaded Wristband 
23171,Magic Glove 
23172,Jade Bracers 
23173,Magma Cuffs 
23174,Sky Bracers 
23175,Formal Gloves 
23176,Flame Thorn Bracers 
23177,Cyanine Gloves 
23178,Thief Gloves 
23179,Delicate Silk Gloves 
23180,Purple Flame Gloves 
23181,White Day Gloves 
23182,Blue Crystal Bracers 
23183,Dark Bead Bracers 
23184,Purity Gloves 
24001,Children's Shoes 
24002,Moppet's Shoes 
24003,Pink Shoes 
24004,Gentleman's Shoes 
24005,Leisure Shoes 
24006,White Boots 
24007,Racing Shoes 
24008,Student's Shoes 
24009,Canvas 
24010,High-heeled Shoes 
24011,White Leather Shoes 
24012,Great Pumps 
24013,Wooden Shoes 
24014,Craftsman Shoes 
24015,Leather Shoes 
24061,Vine Shoes 
24062,Copper Vine Shoes 
24063,Red Vine Shoes 
24064,Grass Shoes 
24065,Silvery Shoes 
24066,Vine Boots 
24067,Grass Boots 
24068,Great Copper Shoes 
24069,Flame Shoes 
24070,Fairy Shoes 
24071,Beast Boots 
24072,Beast Fur Boots 
24073,Little Boots 
24074,Horse Shoes 
24075,Horsehide Boots 
24076,Sung Boots 
24077,Noble Boots 
24078,Copper Clogs 
24079,Ancient Boots 
24080,Iron Boots 
24081,Pure Iron Boots 
24082,Copper Winged Boots 
24083,Long Knight Boots 
24084,Knight War Boots 
24085,Great Knight Boots 
24086,Lotus Boots 
24087,Cool Boots 
24088,Death Boots 
24089,Feather Boots 
24090,Broken Shoes 
24091,Black Clogs 
24092,Grain Shoes 
24093,Rough Shoes 
24094,Hunting Boots 
24095,Fur Boots 
24096,Copper Woven Boots 
24097,Wooden Shoes 
24098,Grass Spirit Shoes 
24099,Silvery Winged Boots 
24100,Fire Boots 
24101,Alga Boots 
24102,Rough Boots 
24103,Net Boots 
24104,Iron Net Boots 
24105,Long Red Boots 
24106,Sky Blue Boots 
24107,Long Copper Boots 
24108,Golden Iron Boots 
24109,Black Steel Boots 
24110,Red Fire Boots 
24111,Mud Boots 
24112,Flax Boots 
24113,Water Boots 
24114,Light Fur Boots 
24115,Bronze Boots 
24116,Sea Shoes 
24117,Special Shoes 
24118,Expensive Shoes 
24119,Hero Shoes 
24120,Red Thorn Boots 
24121,White Net Boots 
24122,Rock Boots  
24123,Thick Boots 
24124,Winged Boots 
24125,Gold Boots 
24126,Sea Boots 
24127,Dragon Boots 
24128,Thick Beast Boots 
24129,Comfortable Boots 
24130,Flax Green Boots 
24131,Heavy Boots 
24132,Emerald Boots 
24133,Dark Blue Boots 
24134,War Boots 
24135,Daffadilly Shoes 
24136,Blue Net Shoes 
24137,Red Net Shoes 
24138,??(?) 
24139,Sky Boots 
24140,Leaf Boots 
24141,Gold Loops 
24142,Silver Loops 
24143,White Loops 
24144,Common Sandal 
24145,Purple Boots 
24146,Green Boots 
24147,Blue Boots 
24148,Long Boots 
24149,Amber Boots 
24150,Leather Net Boots 
24151,Yellow Boots 
24152,Killer Boots 
24153,Warrior Boots 
24154,Knight Boots 
24155,Wit Boots 
24156,Priest Boots 
24157,Seer Boots 
24158,Clog 
24159,Leg Wrappings 
24160,Magic Shoes 
24161,Forest Boots 
24162,Nether World Boots 
24163,Long Blue Boots 
24164,Groom's Boots 
24165,Bride's Boots 
24166,Long Purple Boots 
24167,Long White Boots 
24168,Leisure Shoes 
24169,Earth Aurora Shoes 
24170,Water Aurora Shoes 
24171,Fire Aurora Shoes 
24172,Wind Aurora Shoes 
24173,Fire-red Boots 
24174,Light Blue Boots 
24175,Wild Boots 
24176,Light Purple Boots 
24177,Red Flame Boots 
24178,Bloody War Boots 
24179,Cowboy Boots 
24180,Strong Beast Boots 
24181,Angel Rope Boots 
24182,Thunder Boots 
24183,Protection Boots 
24184,High Boots 
24185,Dusk Boots 
24186,Unicorn Boots 
24187,Green Boots 
24188,Flame Boots  
24189,Super Demon Boots 
24190,Dark Green Boots 
24191,Swift Boots 
24192,Mana Fur Boots 
24193,Purple Light Boots 
24194,Cowboy Boots 
24195,Emerald Clogs 
24196,Green Boots 
24197,Feather Boots 
24198,Vivid Boots 
24199,Cat Claw Boots 
24200,Skyblue Boots 
24201,Gray Boots 
24202,Valentine Shoes 
24203,Valentine Shoes 
24204,Blue Rider Boots 
24205,Green Rider Boots 
25001,Lucky Ring 
25002,Green Ring 
25003,Black Crystal Ring 
25004,Pure Silver Ring 
25005,Gold Ring 
25006,Spirit Ring 
25007,Evil Ring 
25008,Red Fire Ring 
25009,White Ring 
25010,Qing Ring 
25011,Yellow Ring 
25012,Silvery Earrings 
25013,Gold Earrings 
25014,Deer Earrings 
25015,Feather Earrings 
25016,Jade Earrings 
25017,Crystal Earrings 
25018,Bright Earrings 
25019,Snake Earrings 
25020,Necklace 
25021,Jewel Necklace 
25022,Gem Necklace 
25023,Emerald Necklace 
25024,Red Jade Necklace 
25025,Water Necklace 
25026,Demon Necklace 
25027,Evil Necklace 
25028,Xaolan's Jade 
25029,Resistent Necklace 
25030,Defence Medal 
25031,Attack Medal 
25032,Honor Medal 
25033,Spirit Medal 
25034,Holy Medal 
25037,???(??) 
25038,Amulet 
25039,White Jade Ring 
25040,Amber Ring 
25041,Black Ring 
25042,Bright Feather 
25043,Phoenix Feather 
25044,Broken Adornment 
25045,Demon Wings 
25046,Angel Wings 
25047,Stone Ring 
25048,Blooded Necklace 
25049,Teeth Necklace 
25050,Jade Ring 
25051,Bright Ring 
25052,Wolf Ring 
25053,Little Statue 
25054,Mana Statue 
25055,Brave Ring 
25056,Wisdom Ring 
25057,Cat's Eye Ring 
25058,Wind Necklace 
25059,Ashen Ring 
25060,Stone Ball 
25061,Shot Put 
25062,Iron Ball 
25063,Attack Medal 
25064,Fighting Medal 
25065,Swift Medal 
25066,Demon Medal 
25067,Fierce Medal 
25068,Burst Medal 
25069,War Medal 
25070,Safe Medal 
25071,Aggressive Medal 
25072,Magic Medal 
25073,Defence Medal 
25074,Protected Medal 
25075,Sensitive Medal 
25076,Great Medal 
25077,Evil Medal 
25078,Ghost Medal 
25079,Slaughter Medal 
25080,Spell Medal 
25081,Quiet Medal 
25082,Consistent Medal 
25083,Smart Medal 
25084,Chaos Medal 
25085,Impulsive Medal 
25086,Fast Medal 
25087,Rapid Medal 
25088,Assault  Medal 
25089,Celerity Medal 
25090,Full Medal 
25091,Momo Medal 
25092,Body Medal 
25093,Swift Demon Medal 
25094,Full Evil Medal 
25095,Strong Medal 
25096,Whole Medal 
25097,Quick Medal 
25098,Attack Badge 
25099,Fighting Badge 
25100,Swift Badge 
25101,Demon Badge 
25102,Fierce Badge 
25103,Burst Badge 
25104,War Badge 
25105,Safe Badge 
25106,Aggressive Badge 
25107,Magic Badge 
25108,Defensive Badge 
25109,Protective Badge 
25110,Sensitive Badge 
25111,Great Badge 
25112,Evil Badge 
25113,Spirit Badge 
25114,Slaughter Badge 
25115,Spell Badge 
25116,Quiet Badge 
25117,Consistency Badge 
25118,Smart Badge 
25119,Chaos Badge 
25120,Impulsive Badge 
25121,Fast Badge 
25122,Rapid Badge 
25123,Assault  Badge 
25124,Celerity Badge 
25125,Full Badge 
25126,Momo Badge 
25127,Body Badge 
25128,Swift Demon Badge 
25129,Full Evil Badge 
25130,Strong Badge 
25131,Whole Badge 
25132,Quick Badge 
25133,White Necklace 
25134,Cherish Necklace 
25135,Guard Necklace 
25136,Cross Necklace 
25137,Holy Necklace 
25138,King's Necklace 
25139,Spirit Bead 
25140,Silvery Spell Bead 
25141,Red Bead 
25142,Pink Bead 
25143,Tight Waistband 
25144,Solid Waistband 
25145,Light Waistband 
25146,Swift Waistband 
25147,Fairy Waistband 
25148,Bulletproof Vest 
25149,Silvery Ring 
25150,Smile Mud Statue 
25151,Defence Vest 
25152,Escape Cuffs 
25153,Fury Armlet 
25154,Anger Armlet 
25155,Quiet Armlet 
25156,Fortitude Armlet 
25157,Wisdom Armlet 
25158,Sage Armlet 
25159,Guard Armlet 
25160,Scale Armlet 
25161,Flying Armlet 
25162,Swift Armlet 
25163,Strong Armlet 
25164,Fierce Armlet 
25165,Smart Armlet 
25166,Rapid Armlet 
25167,Attack Armlet 
25168,War Armlet 
25169,Quick Armlet 
25170,Bright Armlet 
25171,Tim's Lease 
25172,Rock Armlet 
25173,Belly Chain Necklace 
25174,Resistant Armlet 
25175,Dazzling Armlet 
25176,Power Armlet 
25177,Defensive Armlet 
25178,Brilliant Armlet 
25179,Original Armlet 
25180,Fast Armlet 
25181,????(??) 
25182,????(??) 
25183,????(??) 
25184,????(??) 
25185,????(??) 
25186,Spirit Satin 
25187,Cotton Scroll 
25188,Red Scroll 
25189,Mysterious Scroll 
25190,Swift Scroll 
25191,Dark Evil Wings 
25192,Angel Wings 
25193,????(?) 
25194,Fixed Stick 
25195,Respirator 
25196,VIP Card 
25197,Soul Ring 
25198,Steel Hammer 99T 
25199,Fixed Bolt 
25201,Mask 
25202,Shopping Card 
25203,Hammer 
25204,Dark Evil Wing+1 
25205,Angel Wing+1 
25206,Steel Ball 80T 
25207,Friendship Brooch 
25208,Swift Saddle 
25209,????(?) 
25210,Swift Necklace 
25211,SPD Ring 
25212,Dark Evil Wing+2 
25213,Angel Wing+2 
25214,Comfortable Saddle 
25215,Archangel Wings 
25216,Archangel's Wing+1 
25217,Archangel's Wing+2 
25218,Monster Net 
25219,Ice Pack 
25220,Flak Jacket 
25221,Coffee Pack 
25222,Dark Evil Wing+3 
25223,Angel Wing+3 
25224,Archangel's Wing+3 
25225,Pet Net 
25226,Dodge Cover 
25227,Taboo Necklace 
25228,Steel Hammer 200T 
25229,Steel Hammer 400T 
25230,Steel Hammer 600T 
25231,Killer Manteau 
25232,Killer Manteau 
25233,Killer Manteau 
25234,Killer Manteau 
25235,Killer Manteau 
25236,Killer Manteau 
25237,Killer Manteau 
25238,Killer Manteau 
25239,Killer Manteau 
25240,Killer Manteau 
25241,Killer Manteau 
25242,Killer Manteau 
25243,Killer Manteau 
25244,Killer Manteau 
25245,Killer Manteau 
25246,Killer Manteau 
25247,Killer Manteau 
25248,Killer Manteau 
25249,Killer Manteau 
25250,Killer Manteau 
25251,Killer Manteau 
25252,Killer Manteau 
25253,Killer Manteau 
25254,Killer Manteau 
25255,Killer Manteau 
25256,Killer Manteau 
25257,Killer Manteau 
25258,Killer Manteau 
25259,Killer Manteau 
25260,Killer Manteau 
25261,Killer Manteau 
25262,Killer Manteau 
25263,Killer Manteau 
25264,Killer Manteau 
25265,Killer Manteau 
25266,Killer Manteau 
25267,Killer Manteau 
25268,Killer Manteau 
25269,Killer Manteau 
25270,Killer Manteau 
25271,Killer Manteau 
25272,Killer Manteau 
25273,Killer Manteau 
25274,Killer Manteau 
25275,Killer Manteau 
25276,Killer Manteau 
25277,Killer Manteau 
25278,Killer Manteau 
25279,Killer Manteau 
25280,Killer Manteau 
25281,Warrior Manteau 
25282,Warrior Manteau 
25283,Warrior Manteau 
25284,Warrior Manteau 
25285,Warrior Manteau 
25286,Warrior Manteau 
25287,Warrior Manteau 
25288,Warrior Manteau 
25289,Warrior Manteau 
25290,Warrior Manteau 
25291,Warrior Manteau 
25292,Warrior Manteau 
25293,Warrior Manteau 
25294,Warrior Manteau 
25295,Warrior Manteau 
25296,Warrior Manteau 
25297,Warrior Manteau 
25298,Warrior Manteau 
25299,Warrior Manteau 
25300,Warrior Manteau 
25301,Warrior Manteau 
25302,Warrior Manteau 
25303,Warrior Manteau 
25304,Warrior Manteau 
25305,Warrior Manteau 
25306,Warrior Manteau 
25307,Warrior Manteau 
25308,Warrior Manteau 
25309,Warrior Manteau 
25310,Warrior Manteau 
25311,Warrior Manteau 
25312,Warrior Manteau 
25313,Warrior Manteau 
25314,Warrior Manteau 
25315,Warrior Manteau 
25316,Warrior Manteau 
25317,Warrior Manteau 
25318,Warrior Manteau 
25319,Warrior Manteau 
25320,Warrior Manteau 
25321,Warrior Manteau 
25322,Warrior Manteau 
25323,Warrior Manteau 
25324,Warrior Manteau 
25325,Warrior Manteau 
25326,Warrior Manteau 
25327,Warrior Manteau 
25328,Warrior Manteau 
25329,Warrior Manteau 
25330,Warrior Manteau 
25331,Knight Manteau 
25332,Knight Manteau 
25333,Knight Manteau 
25334,Knight Manteau 
25335,Knight Manteau 
25336,Knight Manteau 
25337,Knight Manteau 
25338,Knight Manteau 
25339,Knight Manteau 
25340,Knight Manteau 
25341,Knight Manteau 
25342,Knight Manteau 
25343,Knight Manteau 
25344,Knight Manteau 
25345,Knight Manteau 
25346,Knight Manteau 
25347,Knight Manteau 
25348,Knight Manteau 
25349,Knight Manteau 
25350,Knight Manteau 
25351,Knight Manteau 
25352,Knight Manteau 
25353,Knight Manteau 
25354,Knight Manteau 
25355,Knight Manteau 
25356,Knight Manteau 
25357,Knight Manteau 
25358,Knight Manteau 
25359,Knight Manteau 
25360,Knight Manteau 
25361,Knight Manteau 
25362,Knight Manteau 
25363,Knight Manteau 
25364,Knight Manteau 
25365,Knight Manteau 
25366,Knight Manteau 
25367,Knight Manteau 
25368,Knight Manteau 
25369,Knight Manteau 
25370,Knight Manteau 
25371,Knight Manteau 
25372,Knight Manteau 
25373,Knight Manteau 
25374,Knight Manteau 
25375,Knight Manteau 
25376,Knight Manteau 
25377,Knight Manteau 
25378,Knight Manteau 
25379,Knight Manteau 
25380,Knight Manteau 
25381,Wit Manteau 
25382,Wit Manteau 
25383,Wit Manteau 
25384,Wit Manteau 
25385,Wit Manteau 
25386,Wit Manteau 
25387,Wit Manteau 
25388,Wit Manteau 
25389,Wit Manteau 
25390,Wit Manteau 
25391,Wit Manteau 
25392,Wit Manteau 
25393,Wit Manteau 
25394,Wit Manteau 
25395,Wit Manteau 
25396,Wit Manteau 
25397,Wit Manteau 
25398,Wit Manteau 
25399,Wit Manteau 
25400,Wit Manteau 
25401,Wit Manteau 
25402,Wit Manteau 
25403,Wit Manteau 
25404,Wit Manteau 
25405,Wit Manteau 
25406,Wit Manteau 
25407,Wit Manteau 
25408,Wit Manteau 
25409,Wit Manteau 
25410,Wit Manteau 
25411,Wit Manteau 
25412,Wit Manteau 
25413,Wit Manteau 
25414,Wit Manteau 
25415,Wit Manteau 
25416,Wit Manteau 
25417,Wit Manteau 
25418,Wit Manteau 
25419,Wit Manteau 
25420,Wit Manteau 
25421,Wit Manteau 
25422,Wit Manteau 
25423,Wit Manteau 
25424,Wit Manteau 
25425,Wit Manteau 
25426,Wit Manteau 
25427,Wit Manteau 
25428,Wit Manteau 
25429,Wit Manteau 
25430,Wit Manteau 
25431,Priest Manteau 
25432,Priest Manteau 
25433,Priest Manteau 
25434,Priest Manteau 
25435,Priest Manteau 
25436,Priest Manteau 
25437,Priest Manteau 
25438,Priest Manteau 
25439,Priest Manteau 
25440,Priest Manteau 
25441,Priest Manteau 
25442,Priest Manteau 
25443,Priest Manteau 
25444,Priest Manteau 
25445,Priest Manteau 
25446,Priest Manteau 
25447,Priest Manteau 
25448,Priest Manteau 
25449,Priest Manteau 
25450,Priest Manteau 
25451,Priest Manteau 
25452,Priest Manteau 
25453,Priest Manteau 
25454,Priest Manteau 
25455,Priest Manteau 
25456,Priest Manteau 
25457,Priest Manteau 
25458,Priest Manteau 
25459,Priest Manteau 
25460,Priest Manteau 
25461,Priest Manteau 
25462,Priest Manteau 
25463,Priest Manteau 
25464,Priest Manteau 
25465,Priest Manteau 
25466,Priest Manteau 
25467,Priest Manteau 
25468,Priest Manteau 
25469,Priest Manteau 
25470,Priest Manteau 
25471,Priest Manteau 
25472,Priest Manteau 
25473,Priest Manteau 
25474,Priest Manteau 
25475,Priest Manteau 
25476,Priest Manteau 
25477,Priest Manteau 
25478,Priest Manteau 
25479,Priest Manteau 
25480,Priest Manteau 
25481,Seer Manteau 
25482,Seer Manteau 
25483,Seer Manteau 
25484,Seer Manteau 
25485,Seer Manteau 
25486,Seer Manteau 
25487,Seer Manteau 
25488,Seer Manteau 
25489,Seer Manteau 
25490,Seer Manteau 
25491,Seer Manteau 
25492,Seer Manteau 
25493,Seer Manteau 
25494,Seer Manteau 
25495,Seer Manteau 
25496,Seer Manteau 
25497,Seer Manteau 
25498,Seer Manteau 
25499,Seer Manteau 
25500,Seer Manteau 
25501,Seer Manteau 
25502,Seer Manteau 
25503,Seer Manteau 
25504,Seer Manteau 
25505,Seer Manteau 
25506,Seer Manteau 
25507,Seer Manteau 
25508,Seer Manteau 
25509,Seer Manteau 
25510,Seer Manteau 
25511,Seer Manteau 
25512,Seer Manteau 
25513,Seer Manteau 
25514,Seer Manteau 
25515,Seer Manteau 
25516,Seer Manteau 
25517,Seer Manteau 
25518,Seer Manteau 
25519,Seer Manteau 
25520,Seer Manteau 
25521,Seer Manteau 
25522,Seer Manteau 
25523,Seer Manteau 
25524,Seer Manteau 
25525,Seer Manteau 
25526,Seer Manteau 
25527,Seer Manteau 
25528,Seer Manteau 
25529,Seer Manteau 
25530,Seer Manteau 
25531,Christmas Clothes 
25532,Reindeer's Antler 
25533,Golden Antler 
25534,Fairy Armlet 
25535,Bash Saddle 
25536,Magic Saddle 
25537,Angel Armlet 
25538,Amber Earrings 
25539,Defence Saddle 
25540,Decelerate Saddle 
25541,????(?) 
25542,Coarse Armlet 
25543,Coarse Armlet 
25544,Coarse Armlet 
25545,Coarse Armlet 
25546,Coarse Armlet 
25547,Common Armlet 
25548,Common Armlet 
25549,Common Armlet 
25550,Common Armlet 
25551,Common Armlet 
25552,Common Armlet 
25553,Common Armlet 
25554,Common Armlet 
25555,Common Armlet 
25556,Common Armlet 
25557,Common Armlet 
25558,Common Armlet 
25559,Common Armlet 
25560,Common Armlet 
25561,Common Armlet 
25562,Common Armlet 
25563,Defeat Armlet 
25564,Defeat Armlet 
25565,Defeat Armlet 
25566,Defeat Armlet 
25567,Energy Source 
25568,Defence Source 
25569,Purple Source 
25570,Curse Source 
25571,Swift Source 
25572,Coarse Collar 
25573,Coarse Collar 
25574,Coarse Collar 
25575,Coarse Collar 
25576,Common Collar 
25577,Common Collar 
25578,Common Collar 
25579,Common Collar 
25580,Common Collar 
25581,Common Collar 
25582,Common Collar 
25583,Common Collar 
25584,Common Collar 
25585,Common Collar 
25586,Solid Collar 
25587,Solid Collar 
25588,Solid Collar 
25589,Dark Evil Wing+4 
25590,Angel Wing+4 
25591,Archangel's Wing+4 
25592,Dark Evil Wing+5 
25593,Angel's Wing+5 
25594,Fierce Necklace 
25595,Archangel's Wing+5 
25596,Ring of King 
25597,Ring of the Lord 
25598,Bronze Ring 
25599,Friendship Brooch+1 
25600,Friendship Brooch+2 
25601,Friendship Brooch+3 
25602,Friendship Brooch+4 
25603,Friendship Brooch+5 
25604,Fast Jet 
25605,Dark Evil Wing+6 
25606,Angel's Wing+6 
25607,Archangel's Wing+6 
25608,Friendship Brooch+6 
25609,Wedding Band 
25610,Diamond Band 
25611,Dark Evil Wings+7 
25612,Angel Wings+7 
25613,Friendship Brooch+7 
25614,Dark Evil Wings+8 
25615,Angel Wings+8 
25616,Friendship Brooch+8 
25617,Kevlar Vest A 
25618,Kevlar Vest B 
25619,PvP Server Ice Pack 
25620,Super Caffeine Pack 
25621,Dark Demon Wing+9 
25622,Angel Wing+9 
25623,Friendship Brooch+9 
25624,Dark Earbobs 
25625,Spirit Saddle 
25626,7 Blessing Guard 
25627,Blue Earbobs 
25628,Crimson Ring 
25629,Magical Ring 
25630,Venus Armlet 
25631,Ruby Earbobs 
25632,Magical Earbobs 
26001,Sky Sword Box 
26002,Lord Sword Box 
26003,Beast Fork Box 
26004,Spirit Fork Box 
26005,Polished Wand Box 
26006,Light Wand Box 
26007,Attack Pestle Box 
26008,Energy Halo Box 
26009,Golden Ears Box 
26010,Stand Ears Box 
26011,Jade Ears Box 
26012,Dark Evil Wing Box 
26013,Angel Wings Box 
26014,Archangel Wings Box 
26015,Crescent Bow Box 
26016,Golden Rings Box 
26017,Purple Wing Robe Box 
26018,Kung-Fu Suit Box 
26019,Thunder Spear Box 
27000,Banana Boat 
27001,Orchid Candy 
27002,Great Syrup 
27003,Roca Perfume 
27004,Pirate's Wine 
27005,Energy Pill 
27006,Elin's Oil 
27007,Beast Pill 
27008,Fairy Honey 
27009,Fairy Bean 
27010,Demon Fruit 
27011,Cotton Candy 
27012,Wolf Deity Bean 
27013,Delicate Riceball 
27014,Great Soup 
27015,Angel's Feather 
27016,Magic Bean 
27017,Mellow Wine  
27018,Braised Tilapia 
27019,Blessing Strawberry 
27020,Passion Water 
27021,Wisdom Water 
30001,Kelan Village Scroll 
30002,Voucher 
30003,Fairy's Axe 
30004,Girl's Money 
30005,Key for Cellar 
30006,Key for Channel 
30007,Hen's Egg 
30008,Small Poached Egg  
30009,Crystal Skull 
30011,Ocean Heart Piece 
30012,Whelk 
30013,Nun's Necklace 
30014,Brave Stone 
30015,Ancient Calendar 
30016,Ka Grape Seeds 
30017,Survival Tool 
30018,Mei Grape Seeds 
30019,Rosser's Ax 
30020,Dinosaur Egg 
30021,Elf's tear 
30022,Meng's Hazelnut 
30023,Farmer's Potato 
30024,Mysterious Crystal 
30025,Star 
30026,Stone Carving Key 
30027,Red Mushroom 
30028,Hill Pepper 
30029,Voucher 
30030,Voucher 
30031,Master's Wine 
30032,Significant Item 
30033,Bright Bead 
30034,Honeycomb 
30035,Psychic's Dagger 
30036,Socks 
30037,Thanks 
30038,Elderly's Hat 
30039,Elderly's Waistband 
30040,Elderly's Shoes 
30041,Elderly's Trousers 
30042,Elderly's Clothes 
30043,Welling Scroll 
30044,Clear Water 
30045,Boat Voucher 
30046,Hot-air Balloon Card 
30047,Airship Voucher 
30048,Labor Plane Voucher 
30049,Steam Ship Voucher 
30050,Motorbike Voucher 
30051,Turtle Car Voucher 
30052,Raft Voucher 
30053,Mysterious Ice 
30054,Snake's Biliary 
30055,Snake's Flute 
30056,Bei's Ore 
30057,Broken UFO Design 
30058,Statue key 
30059,Love Pill 
30060,Dragon Bead 
30061,Picture Blade 
30062,Cook's Badge 
30063,Lottery Ticket 
30064,UFO Voucher 
30065,Turtle Car Voucher 
30066,Motorbike Ticket 
30067,Yacht Voucher 
30068,Indian Girl Voucher 
30069,Indian Boy Voucher 
30070,Indian Peri Voucher 
30071,Goddess Voucher 
30072,Holy Spirit Voucher 
30073,Hawaiian Boy Voucher 
30074,Hawaiian Peri Card 
30075,Hawaiian Men Voucher 
30076,Penguin Voucher 
30077,Green Dragon Card 
30078,Isle Girl Card 
30079,Isle Boy Card 
30080,Isle Man Card 
30081,River Boy Voucher 
30082,Monster Voucher 
30083,Chinese Girl Voucher 
30084,Chinese Boy Voucher 
30085,Chinese Scholar Card 
30086,Jade Rabbit Voucher 
30087,ShadingPuca Card 
30088,Japanese Girl Card 
30089,Japanese Boy Voucher 
30090,Japanese Man Voucher 
30091,Fox Voucher 
30092,Alien Voucher 
30093,Kanako's Comb 
30094,Heaven Scroll 
30095,Key of Michel 
30096,Key of Red Box 
30097,Key of Blue Box 
30098,Key of Green Box 
30099,Key of Gold Box 
30100,Final Key 
30101,Strong Scroll 
30102,ShadingPuca 
30103,Sealed Bead 
30104,Jelly Monster Card 
30105,Lala Dog Voucher 
30106,Longhair Card 
30107,Wild Pup Voucher 
30108,Mew Voucher 
30109,Fairy Voucher 
30110,Penguin Man Voucher 
30111,Boy Ball Voucher 
30112,Medical Rabbit Card 
30113,Aboriginal Voucher 
30114,Elephant Voucher 
30115,Water Spirit Card 
30116,Alien Voucher 
30117,Mummy Voucher 
30118,Mars Voucher 
30119,Snow Monster Voucher 
30120,Mystic Sunshade Card 
30121,Mammoth Voucher 
30122,Sky Dragon Voucher 
30123,Black Monster Card 
30124,Registration Voucher 
30125,Gun Design 
30126,Treasure Room1 Key 
30127,Treasure Room2 Key 
30128,Treasure Room3 Key 
30129,Treasure Room4 Key 
30130,Treasure Room5 Key 
30131,Iron Medicine 
30132,Young Pill 
30133,Boarded Voucher 
30134,Crystal Ball 
30135,Wishing Coin 
30136,Stanch Grass 
30137,Ship Voucher 
30138,Treasure Scroll 
30139,Key of Gold Box 
30140,Star Index 
30141,Key of Prison 
30142,Wooden Bridge 
30143,Truth Bridge 
30144,Phoenix Egg 
30145,Phoenix Feather 
30146,Key to Ghostdom 
30147,Wish Token 
30148,Rusty Chest Key 
30149,Dalis's Oracle 
30150,Sky Jade 
30151,Fishing Map 
30152,Bloody Armlet 
30153,Magnet Key 
30154,Luna's Key 
30155,Maid Uniform 
30156,Hope Necklace 
30157,Gold Foil 
30158,Crystal 
30159,Sock 
30160,Small Sock 
30161,Wish Bell 
30162,Safety Bell 
30163,Christmas Bell 
30164,Vajra 
30165,Orb 
30166,Moon Mirror 
30167,Rainbow Drop 
30168,Bodhi Seed 
30169,Sun God's Oracle 
30170,Tomb Path Map 
30171,Mars Aerolith 
30172,Rabbit's Mashu 
30173,Water Hickey Plan 
30174,Magic Key 
30175,Ma Stone 
30176,Xaohui's Portrait  
30177,Kita's Love Letter 
30178,Cocoa Nib 
30179,Soft Sweet 
30180,Magic Mirror 
30181,Trader's Moneybag 
30182,Ocean Heart 
30183,Voucher 
30184,Gold Necklace 
30185,Hawaiian Boy Voucher 
30186,Indian Peri Voucher 
30187,Wizards Voucher 
30188,Hercules Voucher 
30189,Pumpkin Elfs Card 
30190,Rock Elfs Voucher 
30191,Hook Elfs Voucher 
30192,Griffin Voucher 
30193,Tortoise Voucher 
30194,Crane Voucher 
30195,Ox Voucher 
30196,Zebra Voucher 
30197,Genie Voucher 
30198,Lion Voucher 
30199,Snake Girl Voucher 
30200,Lord Flower Voucher 
30201,Panax  Elf Voucher 
30202,Butterfly Voucher 
30203,Buffalo Voucher 
30204,Harley Voucher 
30205,Purple Silk 
30206,Luna Jade 
30207,Androsphinx Voucher 
30208,Earth Panda Voucher 
30209,Water PandanVoucher 
30210,Fire Panda Voucher 
30211,Wind Panda Voucher 
30212,Eagle Egg 
30213,Sky Sake 
30214,Cloudy Sword 
30215,Key of the Feedlot 
30216,Love Rings 
30217,Odyssey'S Book 
30218,Chaos Book 
30219,Kita's Love Letter 
30220,Angeka's Letter 
30221,Angeli's Puppet 
30222,Clear Diamond 
30223,Sealord's Key 
30224,Special Jalap 
30225,White Bone Key 
30226,Writing Brushes 
30227,Ink Stones  
30228,Guard's Letter 
30229,Key of Babylon 
30230,Fairy Grass 
30231,Introduction Letter 
30232,Globefish Voucher 
30233,Camel Voucher 
30234,Pterosaur Voucher 
30235,Octopus Card 
30236,Sea Lion Voucher 
30237,Skeleton Card 
30238,Gold Griffin Voucher 
30239,Unicorn Card 
30240,Sano Voucher 
30241,Wuwan Voucher 
30242,Hou Yi  Voucher 
30243,Yangs' Saga Voucher 
30244,Water Monster Card 
30245,Common Pail 
30246,Bright Key 
30247,Sun Badge 
30248,Louis' Watch 
30249,Much Gold 
30250,??? 
30251,Wen Chicken 
30252,Love Arrow 
30253,Magic Potion 
30254,Key of Prison 
30255,Holy Pumpkin Voucher 
30256,Halloween Pumpkin 
30257,Pumpkin Seed 
30258,Uncle's Ladder 
30259,Black Medicine 
30260,Sapphire Ring 
30261,Homework Sheet 
30262,Red Wool 
30263,Green Wool 
30264,White Wool 
30265,X'mas Gift Stocking 
30266,Amusement Park Card 
30267,South Island Card 
30268,China Card 
30269,N.Korea Card 
30270,Egypt Card 
30271,Bangkok Card 
30272,Vanilla Grapes 
30273,Key to Captain's Cab 
30274,4-Deity Beast Ring  
30276,Love Music Box 
30277,Key to Treasure Box 
30278,Key to Treasure Box 
30279,Key to Treasure Box 
30280,Brown Dungeon Key 
30281,Blue Dungeon Key 
30282,Green Dungeon Key 
30283,Red Dungeon Key 
30284,Key of  Hell Power 
30285,Aunt Inchon's Purse 
30286,Aunt Inchon's Purse 
30287,Damao's Gem 
30288,Pegasus Voucher 
30289,Thanks 
30290,Lover's Ribbon 
30291,White Paper Box 
30292,Flamy Ribbon 
30293,Light Armband 
30294,Key to Treasure Box 
30295,Key to Treasure Box 
30296,Holy Pegasus Voucher 
30297,Key to the Dungeon 
30298,Cebu Stone 
30299,Venus Lily 
30300,Phoenix Ticket 
30301,Kirin Ticket 
30302,Irondino Ticket 
30303,Cerberus Ticket 
30304,Lambkin Gem 
30305,Super Ginseng 
30306,Amber Necklace 
30307,Lady's Dumpling 
30308,Fair Rope 
30309,Realgar Wine 
30310,Steve's Key 
30311,Little Ring 
30312,Knight's Badge 
30313,Braised Devilfish  
30314,Apple Sugar 
30315,Spun Sugar 
30316,Secret  Letter 
30317,Magical Mirror 
30318,Mayan Cacao Bean 
30319,Crystal Glass 
30320,Removal Scroll 
30321,Wedding Invitation 
30322,Key to Slavery Ship 
30323,Magical Cure Potion 
30324,Proposing Ring 
30325,Feena Ring 
30326,Transform Remedy 
30327,Sherry  
30328,Villager's Money 
30329,Sweet Pomelo Meat 
30330,Sweet Sauce 
30331,Sweet Pomelo Kabob 
30332,Golden Pocket Watch 
30333,Jade 
30334,Gold Chest Key 
30335,Tree Sprout 
30336,Medium Elixir  
30337,Gallipot 
30338,Corsair Blueprint 
30339,Prep 
30340,Mysterious Pumpkin 
30341,Cough Drop 
30342,Guiding Stone 
30343,Sewer Key 
30344,Sewer Key 
30345,Sky Scroll 
30346,Curse Scroll 
30347,For test 
30348,For test 
30349,For test 
30350,Token (Ghost Horse) 
30351,Merchant's Tapestrie 
30352,Color Glass Drops 
30353,Merchant's Stash 
30354,Raw Sirloin Steak 
30355,BBQ Sauce 
30356,Grilled Steak 
30357,For test 
30358,For test 
30359,Silver Bell 
30360,Blue Bell 
30361,Gold Bell 
30367,Cacao Bean 
30368,Love Candy 
32001,White Rice 
32002,Rice Wine 
32003,Rice Noodles 
32004,Fried Rice Noodles 
32005,Seafood Rice Noodles 
32006,Meat Rice Noodles 
32007,Sausage 
32008,Hot Dog 
32009,Ham 
32010,Fried Pork 
32011,Bread 
32012,Wholegrain Bread 
32013,Multi Bread 
32014,Driedmeat Bread 
32015,Danish Bread 
32016,French Bread 
32017,Australian Bread 
32018,Stuffed Buns 
32019,Fried Buns 
32020,Crabmeat Buns  
32021,Small Buns 
32022,BBQ Pork Buns 
32023,Wonderful Buns 
32024,Steamed Buns 
32025,Shandong Buns 
32026,Multi Buns 
32027,Super Buns 
32028,Sashimi 
32029,Fruit Wine 
32030,Meatballs 
32031,Cheese 
32032,Yoghurt Drink 
32033,Egg Pudding 
32034,Spa Egg 
32035,Boiled Egg 
32036,Poached Egg  
32037,Egg Fried Rice  
32038,Rice with Roast Pork 
32039,Sparerib over Rice 
32040,Meat over Rice 
32041,Fried Seafood Rice  
32042,Minced Pork Congee 
32043,Seafood Dish  
32044,Crepe  
32045,Fruit Crepe  
32046,Cabbage Crepe  
32047,Bacon Crepe  
32048,Custard Tart 
32049,Souffles 
32050,Black Forestcake  
32051,Fruit Cake 
32052,Sweet Noodles 
32053,Beancurd  
32054,Egg Beancurd  
32055,Braised Egg Beancurd 
32056,Ma Po Beancurd  
32057,Dongpo Pork 
32058,Brandy  
32059,Lyme Liquor 
32060,Sake 
32061,Pizza 
32062,Meat Noodles 
32063,Cabbage Noodles 
32064,Assorted Noodles 
32065,Seafood Noodles 
32066,Olla Noodles 
32067,Nigiri Sushi 
32068,Wine 
32069,Bicolor Sundaes 
32070,Popsicle 
32071,Vanilla Ice Cream  
32072,Chocolate Ice Cream  
32073,Instant Noodles 
32074,Gum 
32075,Chocolate 
32076,Roast Sparrow 
32077,Roast Pigeon 
32078,Fried Egg Fish 
32079,Fish Congee 
32080,Crabroe Congee 
32081,Pepper Shrimp 
32082,Rice wine  Shrimp 
32083,Roast Cuttlefish 
32084,Spicy Tilapia 
32085,Salmon Sushi 
32086,Braised Eel 
32087,Steamed Cod 
32088,Braised Stingray 
32089,Smoked Chicken 
32090,Smoked Geese 
32091,Rice Wine Chicken 
32092,Salmon Slice 
32093,Fugu Sashimi 
32094,Fugu Nigiri Sushi 
32095,Fugu Hot Pot  
32096,Liquor 
32097,Braised Eel Rice 
32098,Preserved Egg 
32099,Pearl Milk Tea 
32100,Grape Gum 
32101,Cantaloupe Gum 
32102,Carrot 
32103,Millet Wine 
32104,Steamed Stingray 
32105,Fried Tilapia 
32106,Fried Fish 
32107,Boiled Sardines 
32108,Fried Cod 
32109,Braised Salmon 
32110,Boiled Eel 
32111,Stewed Tuna 
32112,Fried Fugu 
32113,Boiled Octopus 
32114,Braised Octopus 
32115,Crisp Cuttlefish 
32116,Roasted Lobster 
32117,Steamed Shrimp 
32118,Stewed Crabroes 
32119,Apple Juice 
32120,Mandar Juice 
32121,Orange Juice 
32122,Grape Juice 
32123,Papaya Juice 
32124,Peach Juice 
32125,Watermelon Juice 
32126,Tomato Juice 
32127,Pineapple Juice 
32128,Lemonade 
32129,Strawberry Juice 
32130,Gooseberry Juice 
32131,Mango Juice 
32132,Fruit Juice 
32133,???(?) 
32134,Spring Milk Tea 
32135,Steamed Crab ShaoMai 
32136,Wonderful Noodles 
32137,Thousand-Leaves Cake 
32138,Iron Buhdda  
32139,Tomato in Fried Egg 
32140,Fried Cabbage 
32141,Fried Celery 
32142,Fried Spinach 
32143,Fried Water spinach 
32144,Fried Potato Leaf 
32145,Fried Luffa 
32146,Fried Waxgourd 
32147,Fried Melon 
32148,Fried Mooli 
32149,Fried Carrot 
32150,Roasted Beef 
32151,Roasted Chicken 
32152,Roasted Lamb 
32153,Roasted Pork 
32154,Roasted Tiger Meat 
32155,Roasted Goose 
32156,Roasted Dog Meat 
32157,Roasted Roo Meat 
32158,Roasted Ostrich Meat 
32159,Roasted Duck Meat 
32160,Roasted Snake Meat 
32161,Roasted Wolf Meat 
32162,Pizza 
32163,Fruit Cake  
32164,Neapolitan Sundaes 
32165,Fruit Sundaes 
32166,Pineapple Popsicle 
32167,Apple Popsicle 
32168,Orange Popsicle 
32169,Syrup Popsicle 
32170,Grape Ice Cream 
32171,Peach Ice Cream 
32172,Mango Ice Cream 
32173,Pork Bone Noodle 
32174,Pork Miso Noodle 
32175,Great Ginseng 
32176,Fugu Hot Pot 
32177,Soy Porkbone Noodle  
32178,Ginseng Chicken Stew 
32179,Ginseng Chicken Soup 
32180,Ginseng Thick Soup 
32181,Big Fried Cabbage 
32182,Fried Bay Leaf 
32183,Grilled Bird 
32184,Salted Duck Egg  
32185,Boiled Quail Egg 
32186,Boiled Rice 
32187,Millet Liqueur 
32188,Small Rice Noodles 
32189,Shrimp Rice Noodles 
32190,Fried Pork Noodles 
32191,Smoked Pork 
32192,Wheat Bread 
32193,Pork Buns 
32194,Cabbage & Pork Buns 
32195,Big BBQ Pork Buns 
32196,Big Buns 
32197,Fried Meat Ball 
32198,Cream Cheese 
32199,Sweet Pudding 
32200,Shallot Fried Egg 
32201,Fried Rice with Ham  
32202,BBQ Pork over Rice 
32203,Seafood Soft Rice  
32204,Thick Seafood Soup 
32205,Tasty Crepe  
32206,Big Custard Tart 
32207,Strawberry Cake 
32208,Braised Pork Noodles 
32209,Cube Beancurd 
32210,Ginger Beancurd  
32211,White Beancurd 
32212,Fried Pork  
32213,Seafood Pizza 
32214,Meats Noodles 
32215,Vegetable Noodles 
32216,Pork Noodles 
32217,Caraway Noodles 
32218,Garlic Noodles 
32219,Crisp Sparrow 
32220,Crisp Pigeon 
32221,Fish Egg 
32222,Fish Rice 
32223,Crabmeat Congee 
32224,Garlic Shrimp 
32225,Crisp Shrimp 
32226,Garlic Sepia 
32227,Caraway Tilapia 
32228,Soy Eel 
32229,Crisp Cod 
32230,Garlic Yellowcroaker 
32231,Rice Chicken 
32232,Marinated Egg 
32233,Milk Tea 
32234,Boiled Yellowcroaker 
32235,Boiled Tilapia 
32236,Boiled Fish 
32237,Boiled Sardine 
32238,Boiled Cod 
32239,Boiled Salmon 
32240,Wonderful Eel 
32241,BoiledTuna 
32242,Boiled Fugu 
32243,Delicious Octopus 
32244,Boiled Cuttlefish 
32245,Boiled Sepia 
32246,Boiled Shrimp 
32247,Fried Crabmeat 
32248,Tomato with Egg 
32249,Spicy Cole 
32250,Spicy Celery 
32251,Spicy Spinach 
32252,Spicy Waterspinach 
32253,Spicy Potatoleaf 
32254,Spicy Luffa 
32255,Spicy Waxgourd 
32256,Spicy Melon 
32257,Spicy Mooli 
32258,Spicy Carrot 
32259,Sliced Beef 
32260,Sliced Chicken 
32261,Sliced Lamb 
32262,Sliced Pork 
32263,Sliced Tiger 
32264,Sliced Goose 
32265,Sliced Dog Meat 
32266,Sliced Roo 
32267,Sliced Ostrich 
32268,Sliced Duck 
32269,Sliced Snake 
32270,Sliced Wolf 
32271,Soup of Chicken 
32272,Ginseng Chicken 
32273,Gyrophora Chicken 
32274,Spicy Cabbage 
32275,Spicy Bay Leaf 
32276,Bird 
32277,Boiled Ducks egg  
32278,Salted Quails egg 
32279,Apple Syrup 
32280,Grape Syrup 
32281,Mango Syrup 
32282,Cantaloupe Syrup 
32283,Plain Noodles 
32284,Poinsettia 
32285,Turkey 
32286,Christmas Sweets 
32287,Love Chocolate 
32288,Lovely Chocolate 
32289,Favor Chocolate 
32290,Doting Chocolate 
32291,Brown Noodles 
32292,BBQ Sauce  
32293,Koryo Insam  
32294,Go Cole 
32295,He Riceball 
32296,Hawaii Wine 
32297,Apple berry Syrup 
32298,Lemon berry Syrup 
32299,Mandar berry Syrup 
32300,Grape berry Syrup 
32303,Fruit berry Syrup 
32304,Dodo Cheese 
32305,QQ Noodles 
32306,Soy Rice 
32307,Soyseafood Rice 
32308,Curry Rice 
32309,????(?) 
32310,Holy Water 
32311,Hawaii Pizza 
32312,Stomach Powder 
32313,Yo BBQ Sauce  
32314,Yo Cabbagge syrup 
32315,Yo Buttermilk 
32316,Herb Milk 
32317,Chicken Rice 
32318,Nian Noodle 
32319,Nian Cake 
32320,Nian Congee 
32321,Asiatic Wormwood  
32322,Tasty Dumpling 
32323,Chicken with Rice  
32324,Salmon with Rice 
32325,Energy Soup 
32326,Spirit Soup 
32327,Pizza A 
32328,Takoyaki  
32329,Queen's Peach 
32330,Yolk Biscuit  
32331,Lemon Tea 
32332,White Chocolate 
32333,Passion Chocolate 
32334,Hearty Chocolate 
32339,Passion Chocolate 
32340,Sweet Chocolate 
32341,Perfume Chocolate 
32342,Precious Chocolate 
33001,Prepared Chinese Ink 
33002,???(?) 
33003,???(?) 
33004,Ammonia 
33005,Strong Poison 
33006,Poisonous Potion 
33007,????(?) 
33008,????(?) 
33009,????(?) 
33010,Banana Peel 
33011,Bowling 
33012,Bomb 
33013,Darts 
33014,Strong Bomb 
33015,Cubic Sword 
33016,Sharper Sword 
33017,Strengthening Potion 
33018,Detoxifcation Potion 
33019,Recovery Potion 
33020,Undead Bird Feather 
33021,???(?) 
33022,Protection Potion 
33023,Cure Potion 
33024,Swift Potion 
33025,?????(?) 
33026,Biochemical Battery 
33027,Grenade 
33028,Mighty Grenade 
33029,Hot Rice Cake 
33030,Hot Potato 
33031,Phoenix Blood 
33032,?????(?) 
33033,Secular Bird's Blood 
25200,Baked Potato 
33034,Latania Peel 
33035,Black Cffee 
33036,Energy Drink 
33037,Yellow Bomb 
33038,Flee Grenade 
33039,Coconut Bomb 
33040,Ground Glaze 
33041,Water Glaze 
33042,Fire Glaze 
33043,Wind Glaze 
33044,Hot Sweet Potato 
33045,Cross Hand Sword 
33046,Recovery Medicine 
33047,Earth Glaze 
33048,Ocean Glaze 
33049,Heaven Fire Glaze 
33050,Gale Glaze 
33051,Claw Sword 
33052,System Grenade 
33053,Korean Cake 
33054,Lollipop 
33055,Big Bowling 
33056,Phoenix Feather A 
33057,Ground Glaze A 
33058,Water Glaze A 
33059,Fire Glaze A 
33060,Wind Glaze A 
33061,Chinese Ink A 
33062,Phoenix Blood A 
33063,Extreme Coffee  
34002,World Map 
34003,New Zealand Map 
34004,Compass 
34005,Flying Coin Voucher 
34006,Normal GPS 
34007,Carnie Token 
34008,Fun Token 
34009,Alchemy Book 1 
34010,Alchemy Book 2 
34011,Alchemy Book 3 
34012,Alchemy Book 4 
34013,King Certification 
34014,Tao Rice Ball 
34015,Glazed Stone Bag 
34016,Encyclopedia 
34017,Dog Bone 
34018,Transfer Mirror 
34019,King Certification 
34020,Magic Set Box 
34021,Magic Magnet 
34022,Tent Palette 
34023,Box 
34024,Olla Seafood Noodles 
34025,Pet Egg 
34026,Protective EXP Pill 
34027,Deity Feather 
34028,Carnie Voucher 
34029,Protective EXP Bolus 
34030,Glaze Bag 
34031,??? 
34032,??? 
34038,Notepad 
34039,Monsters Record 
34040,Strange Eye-drops 
34041,Hair Dye 
34042,Color Mask 
34043,Hot-air Balloon Plan 
34044,Airship Design 
34045,Boat Design 
34046,Mighty Plane Design 
34047,Jalor Design 
34048,Steam Ship Design 
34049,Motorbike Design 
34050,Magic Carpet Design 
34051,Turtle Car Design 
34052,Raft Design 
34053,Submarine Design 
34054,Space Craft Design 
34055,Cabriolet Design 
34056,UFO Design 
34057,Yacht Design 
34058,Remote Control 
34059,Token Egg 
34060,Robot Design 
34061,5% EXP Capsule 
34062,10% EXP Capsule 
34063,15% EXP Capsule 
34064,20% EXP Capsule 
34065,25% EXP Capsule 
34066,Title Deed 
34067,Flashlight 
34068,Love Picnic Lunch  
34069,Love Bouquets 
34070,Pet Rice Roll  
34071,Toy Puppet 
34072,????(??) 
34073,Mixed Noodles 
34074,Whole Title Deed 
34075,Raft Voucher 
34076,Radio Set 
34077,Vacuum Cleaner 
34078,Sweets Pack 
34079,Monthly Title Deed 
34080,Strange Peach 
34081,?????(?) 
34082,Bless Pack 
34083,Riddle Paper 
34084,Red Thread 
34085,Dark Chocolate 
34086,3% EXP Capsule 
34087,Mud Statue 
34088,Small Love Bouquet 
34089,Forgotten Scroll 
34090,3% EXP Bolus 
34091,5% EXP Bolus 
34092,10% XP Bolus 
34093,15% EXP Bolus 
34094,20% EXP Bolus 
34095,25% EXP Bolus 
34096,Smiling Jelly 
34097,Full Jelly 
34098,Bless Jelly 
34099,2X EXP Copper Card 
34100,2X EXP Silver Card 
34101,2X EXP Gold Card 
34102,4 Leaves Grass 
34103,5 Leaves Grass 
34104,Repairing Spanner 
34105,Repairing Potion 
34106,?????(?) 
34107,1.5X EXP Potion 
34108,2X EXP Potion 
34109,2.5X EXP Potion 
34110,3X EXP Potion 
34111,3.5X EXP Potion 
34112,4X EXP Potion 
34113,4.5X EXP Potion 
34114,5X EXP Potion 
34115,5.5X EXP Potion 
34116,6X EXP Potion 
34117,Spa Buns 
34118,Special Dumpling 
34119,Copper Amity Jelly 
34120,Silver Amity Jelly 
34121,Gold Amity Jelly 
34122,Lethe Scroll 
34123,8X EXP Potion 
34124,Fast Growth Statue 
34125,Jade Grass 
34126,Spring Jelly 
34127,Festival Dumpling 
34128,Electron Control 
34129,Big Vacuum Cleaner 
34130,Pork Peace Noodles 
34131,3 Holy EXP Potion 
34132,Loudspeaker 
34133,Space Contract 
34134,1 Day Vacuum Cleaner 
34135,30 Days Cleaner 
34136,1% EXP Capsule 
34137,Pet Lethe Scroll 
34138,1% EXP Bolus 
34139,Pet Return Scroll 
34140,1.5 Holy EXP Potion 
34141,Big Magical Egg 
34142,Magical Egg 
34143,4 Holy EXP Potion 
34144,5 Holy EXP Potion 
34145,2% EXP Capsule 
34146,2 Holy EXP Potion 
34147,2.5 Holy EXP Potion 
34148,Space Agreement 
34149,Date Moon Cake  
34150,Fruit Moon Cake 
34151,Ice Cream Moon Cake 
34152,Tear Plier 
34153,Sky Banger 
34154,Dragon Banger 
34155,Small Tear Plier 
34156,2007's Fireworks 
34157,Cherry Door Voucher 
34158,Beach Door Voucher 
34159,New Year Box 
34160,Shape Clay 
34161,Fresh Fish Food 
34162,Magical Dumpling 
34163,Teleport Scroll 
34164,Escape Button 
34165,Win Plate  
34166,Delay Clock 
34167,Sewing Tools 
34168,Time Mantle 
34169,Bamboo Dragonfly 
34170,Weapon Model 
34171,Gift Pack 
34172,7 Colors Egg 
34173,10X EXP Potion 
34174,EXP Pack 
34175,Seasonal Suit 
34176,Rabbit Suit 
34177,Cat Suit 
34178,Birthday Gift Box 
34179,Magnifying Glass 
34180,Stopwatch 
34181,Training Voucher 
34182,??? 
34183,??? 
34184,??? 
34185,3.5X Holy EXP Potion 
34186,4.5X Holy EXP Potion 
34187,5.5X Holy EXP Potion 
34188,6X Holy EXP Potion 
34189,8X Holy EXP Potion 
34190,10X Holy EXP Potion 
34191,2X EXP Gold Statue 
34192,War Pack 
34193,Water Pack 
34194,Present Case 
34195,Advance GPS 
34196,Divorce Seal 
34197,Mooncake 
34198,Rebirth Box 
34199,Strengthen Pack 
34200,Present Case 
34201,Transferred Pack 
34202,Holyspirit Riceball 
34203,Spirit Riceball 
34204,Chicken Riceball 
34205,Troll Riceball 
34206,Mummy Riceball 
34207,Fred Riceball 
34208,Roca Riceball 
34209,Mahabrah Riceball 
34210,Moai Riceball 
34211,Shibainu Riceball 
34212,Greendragon Riceball 
34213,Mars Riceball 
34214,Niss Riceball 
34215,Monkey Riceball 
34216,River Boy Riceball 
34217,Pumpkin Riceball 
34218,Butterfly Riceball 
34219,Jelly Riceball 
34220,Ginseng Riceball 
34221,Eva Riceball 
34222,Angela  Riceball 
34223,Charlotte Riceball 
34224,Sea Lion Riceball 
34225,Dracula Riceball 
34226,Ninja Riceball 
34227,Robinson Riceball 
34228,Clothes Dye 
34229,Gear Pack 
34230,Sealing Scroll 
34232,Memory Card 
34233,Passion Bouquet 
34234,New Year Box 
34235,Spring Fireworks 
34236,Mexico Chili Sauce 
34237,Love Fireworks 
34238,Seraph Scroll 
34239,Demon Scroll 
34240,Spring Riddlepaper 
34241,New Year Pack 
34242,Spring Red Pack 
34243,Cherubim Scroll 
34244,Ofanim Scroll 
34245,Virtues Scroll 
34246,Principality Scroll 
34247,Small Demon Scroll 
34248,Scroll Pack 
34249,Super Mustard 
34250,Sweet Box 
34251,Water Ball 
34252,Water Splashing 
34253,Training Ticket 
34255,Archangel Scroll 
34256,anniversary gift bag 
34257,Perfume Pack 
34258,Training Fare 
34259,Summer Fiesta Box 
34260,Newbie Box 
34261,Summer Water Ball 
34262,Summer Events Box 
34263,Summer Vacation Swee 
34264,Enhanced Skin Milk 
34265,Block Magic Perfume 
34266,Mid-autumn Box 
34267,Festival Firecracker 
34268,Gold Chest 
34269,Potential Pill 
34270,Space Capsule 
34271,For test 
34272,For test 
34273,Christmas Snow Ball 
34274,Christmas Box 
34275,2009 Fireworks 
34276,Christmas Sock 
34277,For test 
34278,For test 
34279,Bless Pack 
34280,Super Bless Pack 
34281,Healing Potion 
34282,Mana Potion 
34283,Super HP Potion 
34284,Super SP Potion 
34285,Healing Drug 
34286,Mana  Drug 
34287,For test 
34288,New Year Bless Pack 
34289,Potential  Pill 
34290,New Year Firecracker 
34291,Lantern Cannon 
34292,For test 
34293,Sweet Gift Box 
34294,Easter Basket 
34295,Big Easter Basket 
34296,Bless Pack 
34297,Ghost War House Pack 
34298,HP Bottle 
34299,MP Bottle 
34300,Anniversary Bag 
34301,Anniversary Big Bag 
34302,Anniversary Big Bag 
34303,For test 
34304,Unclear Ice Cube 
34305,Crystal Ice Cube 
34306,Crystal Ice Cube 
34307,For test 
34308,Festival Gift Box 
34309,Super Gift Box 
34310,Fantasy Pumpkin 
34311,Friendship Pumpkin 
34312,For test 
34313,Turkey 
34314,Pumpkin Pie 
34315,Thanksgiving Box 
34316,Thanksgiving Egg 
34317,For test 
34318,For test 
34319,Christmas Stockings 
34320,For test 
34321,For test 
34322,Christmas Gift Pack 
34323,2010 Firecracker 
34324,Happy Xmas Snowball 
34347,Easter Box 
34348,Super Easter Box 
34352,IGG Happy Pack 
34353,IGG Super Pack 
34354,IGG Bliss Pack 
35000,400??? 
35001,400??? 
35002,400??? 
35003,350??? 
35004,350??? 
35005,350??? 
35006,300??? 
35007,300??? 
35008,300??? 
35009,250??? 
35010,250??? 
35011,250??? 
35012,200??? 
35013,200??? 
35014,200??? 
35015,150??? 
35016,150??? 
35017,150??? 
35018,100??? 
35019,100??? 
35020,100??? 
35021,50??? 
35022,50??? 
35023,50??? 
35100,Training Box 
35101,Love Box 
35102,Spring Box 
35103,Maid Box 
35104,Valentine Box 
35105,Pet Box 
35106,Jelly Pet Box 
35107,Maid Suit Pack 
35108,Furniture Pack 
35109,Strength Pack 
35110,GPS Pack 
36001,??(?) 
36002,Tent 
37001,Wooden Hook 
37002,Wooden Axle 
37003,Wooden Winch 
37004,Big Wooden Gear 
37005,Medium Wooden Gear 
37006,Small Wooden Gear 
37007,Wooden Pulley 
37008,Metal Gear 
37009,Round Saw 
37010,Driving Device 
37011,Great Fishing Tool 
37012,Sophisticated Device 
37013,Signal Line 
37014,Rectifier 
37015,Satellite Antenna 
37016,Loop antenna 
37018,Gas Storage Tank 
37019,Transformer 
37021,AC Generator 
37024,Linen 
37025,Linen Carpet  
37026,Lubricant 
37027,Link Gear Unit 
37029,Water Pipe 
37030,Faucet 
37031,Pail Hydrogen 
37032,Pail Refrigerant 
37037,Pan 
37038,Original Rubber 
37039,AC Motor 
37040,Filament 
37042,360 Periscope 
37043,Paper 
37044,Compressor 
37048,Black Bomb 
37049,Fuse 
37050,Rose Flavor 
37051,Cable 
37053,Massive Capstan 
37054,Integrated Flavor 
37055,Sealed Potion 
37059,Rectifier Line 
37061,Special Nail 
37062,Flower Flavor 
37063,Water Equipment 
37064,Mum Flavor 
37065,Coal Block 
37066,Blue Flavor 
37070,Í??(?) 
37071,80mm Special Glass 
37075,Liquid Gas 
37076,Pet-Top 
37077,Leather Bag 
37078,Ore Powder 
37079,Little Ore Powder 
37080,Nail 
37081,Iron Hook 
37082,Luxury Fishing Tool 
37083,Rivet 
37084,Ladder 
37085,Precision Circuit 
37086,Electronic Crystal 
37087,Resin 
37088,Vitriol 
37089,Firewood 
37090,Wisdom Crystal 
37091,Acrylic Plate 
37092,Valving 
37093,Charcoal 
37094,DC Motor 
37095,Rod 
37096,Brick 
37097,Cask 
37098,Polish Key 
37099,Enamel Wire 
37100,Blade 
37101,Magic Wool Ball 
37103,Fishing Thread 
37104,Iron Fishing Thread 
37105,Simple Fishing Tool 
37108,AD Converter 
37109,Carburetor 
37110,Silenced 
37112,Precision Sight 
37115,Rubber 
37116,Nylon 
37117,Canvas 
37118,Wire 
37119,Copper 
37120,Wires 
37121,Dry Batteries 
37122,Small Generators 
37123,Glass 
37124,Titanium Alloy 
37125,Spring Mattresses 
37126,Lamp 
37127,Cotton Wool  
37129,Plastic 
37130,??(?) 
37131,Linen Thread 
37132,Linen Rope 
37133,Small Engine 
37134,Buoyancy Device 
37135,Cotton Thread 
37136,Cotton Rope 
37137,Cotton Cloth 
37138,Big Linen Cloth 
37139,Shower Part 
37140,Bottle 
37141,Large Engine 
37142,Gold Coin 
37143,Magnet Stone 
37144,Small Fuel Tank 
37145,Nuclear Machine 
37146,Life Crystal 
37147,Light Device 
37148,Landing Plate 
37149,Phosphorylation 
37153,Capacitance 
37154,Balloon Basket 
37155,Linking Rope 
37156,Sandbag 
37157,Burning Device 
37158,Balloon 
37159,Airship Device 
37160,Airship Framework 
37161,Adjusted Valve 
37162,Ceramic Cylinder 
37163,Airship Balloon 
37164,Thruster 
37165,Hydrogen Generator 
37166,Cabin of Airship 
37167,Airship Steer 
37168,Aircraft Engine 
37170,Frame of the Plane 
37171,Propeller 
37172,Level Wing 
37173,Vertical Wing 
37174,Wings 
37175,Wooden Pedals 
37176,Starting Device 
37177,Control Device 
37178,Sailing Deck 
37179,Bearing 
37180,Charcoal Powder 
37181,Steer of Jalor 
37183,Lasso 
37184,Mast 
37185,Sail  
37186,Body of Jalor  
37187,Main Mast 
37188,Assistant Device 
37189,Power of Jalor 
37190,Engine of Ship 
37191,Body of Steam Ship 
37193,Cabin of Steam Ship 
37194,Frame of Steam Ship 
37195,Thruster Ship 
37196,Steer of Steam Ship 
37197,Steam Engine 
37198,Tires 
37199,Sprinkler  
37200,Rope Ladder 
37201,Water Tank 
37202,Windmill 
37203,DC Generator 
37204,Transformer Winding 
37205,Linen Pack 
37206,Trigger 
37207,Wooden Handle 
37208,Front Sight 
37209,Rammer 
37210,Barrel 
37211,Resistance 
37212,Titanium Ball 
37213,Electronic Wire 
37214,Iron Shell 
37215,Alloy 
37216,Filtering Circuit  
37217,Winding 
37218,Anti-Gravity Device 
37219,White Jade Powder 
37220,Red Jade Powder 
37221,Delicate White Jade 
37222,Delicate Red Jade 
37223,Polish Emerald 
37224,Blue Stone 
37225,Red Stone 
37226,Delicate Emerald 
37227,Pure Sapphire 
37228,Pure Ruby 
37229,Immaculate Sapphire 
37230, Immaculate Ruby 
37231,Delicate Diamond 
37232,Pure Diamond 
37233,Original Spar 
37234,Demon Fur 
37235,Demon Leather 
37236,Polish Dragon Bone 
37237,Dragon Scale 
37238,Blackart Powder 
37239,Demon Jade Stone 
37240,Enclosed Crystal 
37241,Devil's Spar Piece 
37242,1 Day Fishing Tool 
37243,30 Days Fishing Tool 
37244,1 Day Luxury Tool 
37245,30 Days Luxury Tool 
37246,Half Uranium 
37247,Organic Muck 
37248,High Uranium 
37249,Fine Uranium 
37250,Pail 
37251,Ice  
37252,Ice Brick 
37253,Steel String 
37254,Key 
37255,Music Device 
37256,Craftsman's Hammer 
37257,Memory Crystal 
38001,(???) 
38002,(???) 
38003,Grinding Equipment 
38004,Great Driver 
38007,Bench Saw  
38009,Crystal Furnace 
38010,Manual Blender 
38011,Carpenter's Lathe 
38012,(???) 
38013,Melting Furnace 
38014,Low-Temperature Kiln 
38015,Hot Kiln 
38016,(???) 
38017,Paper Machine 
38018,Spinning Machine 
38019,Auto Machine 
38020,Loom 
38021,Auto Loom 
38022,Centrifuge 
38023,Crude Oil Equipment 
38024,Automatic Filter 
38025,Water Filter 
38026,Water Desalinator 
38027,Coconut Basin 
38028,Large Assembly Tool 
38029,Large Windmill 
38030,Assembly Basin 
38031,Brand Iron  
38032,(???) 
38033,(???) 
38034,(???) 
38035,Rope Saw 
38036,Wooden Saw 
38037,Whetstone 
38038,(???) 
38039,(???) 
38040,Needle 
38041,(???) 
38042,(???) 
38043,(???) 
38044,Kitchen Range 
38045,Welding Tool 
38046,(???) 
38047,(???) 
38048,Smoke Tool 
38049,Work Platform 
38052,Mill 
38053,Crane 
38054,Pliers 
38055,Resource Recycling 
38057,Training Platform 
38058,Stone Knife 
38059,Kitty Recycling Bin 
39001,Show Platform 
39002,Floorlamp 
39003,Aspersory 
39004,???(?) 
39005,Wood Bathtub 
39006,????(?) 
39007,Wood Bell 
39008,??(?) 
39009,Hammock 
39010,??(?) 
39011,??(?) 
39012,Wooden Bed 
39013,?????(?) 
39014,Elevator 
39015,Locker 
39016,????(?) 
39017,????(?) 
39018,Wardrobe 
39019,Cabinet 
39020,Desk 
39021,Lucky Cat 
39022,Elm Bathtub 
39023,Fridge 
39024,Ancient Bathtub 
39025,Shower 
39030,Storeroom 
39031,Stairs 
39032,Big Coin-Op Games 
39033,Tile 
39034,Tile 
39035,Tile 
39036,Tile 
39037,Pillar 
39038,Pillar 
39039,Pillar 
39040,Pillar 
39041,Wallpaper 
39042,Wallpaper 
39043,Wallpaper 
39044,Wallpaper 
39045,Stand Bell 
39046,Sofa 
39047,Whiteware Vase 
39048,Vase 
39049,Dragon Vase 
39050,Desktop Computer 
39051,TV 
39052,Small Carpet 
39053,Air Condition 
39054,Bookcase 
39055,Window 
39056,Doorplate 
39057,Fortune Egg 
39058,Coin Machine 
39059,Shelf 
39060,Toilet Bowl 
39061,Sink 
39062,Wood Floor 
39063,Pillar 
39064,Wallpaper 
39065,Handcart 
39066,Maid Robot 
39067,Tile 
39068,Tile 
39069,Garage 
39070,Transceiver 
39071,Game Mechine 
39072,Telescope 
39073,Message Board 
39074,Magic Sandglass 
39075,Turf 
39076,Pirate Ship Model 
39077,Fence 
39078,Gas Furnace 
39079,????(??) 
39080,????(??) 
39081,???(??) 
39082,Parterre 
39083,Tiger-fur Carpet 
39084,Mailbox 
39085,Glaze Table 
39086,Food Shelf 
39087,Decorative Dolphin 
39088,Red Window 
39089,Blue Window 
39090,????(??) 
39091,Screen 
39092,Globe 
39093,Calligraphy 
39094,Wire Game Machine 
39095,????(?) 
39096,Wit Maid 
39097,Magic Sandglass 
39098,French Window 
39099,Fish Urn 
39100,Bicep Exerciser 
39101,??????(?) 
39102,????(?) 
39103,??? 
39104,??(?) 
39105,Treadmill 
39106,?????(?) 
39107,Cherry Door 
39108,Beach Door 
39109,Notice Board 
39110,Piano 
39111,Sweet Door 
39112,TV Cabinet 
39113,LCD TV 
39114,ATM 
39115,Modular Stereos 
39116,Cushion 
39117,Wit Maid-Summer 
39118,Wit Maid-Rabbit 
39119,Wit Maid-Cat 
39120,Coffee Table 
39121,Piggy Bank 
39122,Big Gas Storage  
39123,Gas Storage  
39124,Bunk Bed 
39125,Calligraphy 
39126,Wall Furnace 
39127,Pillar 
39128,Wallpaper 
39129,Pillar 
39130,Wallpaper 
39131,Tile 
39132,Material Cabinet 
39133,Tatami 
39134,Christmas Tree 
39135,Pillar 
39136,Wallpaper 
39137,Pillar 
39138,Wallpaper 
39139,Pillar 
39140,Wallpaper 
39141,Pillar 
39142,Wallpaper 
39143,Pillar 
39144,Wallpaper 
39145,Toy Bambi 
39146,Spring Scrolls 
39147,Spring Scrolls 
39148,New Year Picture 
39149,New Year Cracker 
39150,Cute Round Table 
39151,Tatami 
39152,Gugu Clock 
39153,Picture Frame 
39154,Good Picture Frame 
39155,White Sofa 
39156,Great Sofa 
39157,Potion Cabinet 
39158,Katana Display Panel 
39159,Cypress Desk 
39160,For test 
39161,For test 
39162,For test 
39163,For test 
39164,For test 
39165,For test 
39166,For test 
39167,For test 
39168,Pillar 
39169,Wallpaper 
39170,Pillar 
39171,Wallpaper 
39172,French Window 
39173,Pillar 
39174,Sky Wallpaper  
39175,Pillar 
39176,Snowflake Wallpaper 
39177,Night Sky Tile 
39178,Snow Ground Tile 
39179,Snowman 
39180,Pillar 
39181,Wallpaper 
39182,"Classic Light, West "
39183,"Classic Light, East "
39184,Rose Plants 
39185,Rose Love Wreath 
39186,Rose Love Wreath 
39187,Sunflower Plants 
39188,Medicine Case  
39189,Tile  
39190,Love Tile 
39191,Love Tile 
39192,Pillar 
39193,Wallpaper 
39194,Pillar 
39195,Wallpaper 
39196,Pillar 
39197,Wallpaper 
39198,Pillar 
39199,Wallpaper 
39200,Test  
39201,Test  
39202,Test  
39203,Test  
39204,Test  
39205,Test  
39206,Test  
39207,Test  
39208,Test  
39209,Test  
39210,Test  
39211,Test  
40001,Rose 
40002,Chrysanthemum 
40003,Yaro Safflower 
40004,Orchid 
40005,Alocasia Macrorrhiza 
40006,Sunflower 
40007,Cotton 
40008,Harl Grass 
40009,Tobacco 
40010,Tea 
40011,Vine 
40012,Vine Grass 
40013,Paper Grass 
40014,Common Grass 
40015,Daphne 
40016,Bamboo 
40017,Reed 
40018,Areca 
40019,Turpentine 
40020,Pine 
40021,Small Daisy 
40022,Blue Wild Flower 
40023,Persian Mum 
40024,White Flower 
40025,Red Flower 
40026,Small Leaf 
40027,Purple Grass 
40028,Apple Seed 
40029,Snow Grass 
40030,Pineapple Seed 
40031,Cantaloup Seed 
40032,Golded Hemp 
40033,Mango Seed 
40034,White Rose 
40035,Grape Seed 
40036,Purple Rose 
40037,Oolong Tea 
40038,Jade Tea 
40039,Fine Golden Rose 
40040,Fine Grass 
40041,Fine Leaf 
40042,Big Fruit Leaf 
40043,Golden Flower 
41001,????(???) 
41002,Ginseng 
41003,Small Ginseng 
41004,Gyrophora 
41005,Straw Mushroom 
41006,Mushroom 
41007,Barley 
41008,Sugar 
41009,Rice 
41010,A-choy 
41011,Chinese Cabbage 
41012,Cole 
41013,Celery 
41014,Spinach 
41015,Bay Leaves 
41016,Leek 
41017,Caraway 
41018,Water Spinach 
41019,Pachyrhizus Leaf 
41020,Spring Onion 
41021,Green Garlic 
41022,Onion 
41023,Garlic 
41024,???(???) 
41025,Cinnamon 
41026,Luffa 
41027,Waxgourd 
41028,Melon 
41029,Pumpkin 
41030,Cucumber 
41032,Small Cucumber 
41033,???(???) 
41034,Coffee Bean  
41035,Potato 
41036,Mooli 
41037,Carrot 
41038,Maize 
41039,Taro 
41040,Apple 
41041,Mandarin Orange 
41042,Orange 
41043,Grape 
41044,Banana 
41045,Papaya 
41046,Juicy Peach 
41047,Watermelon 
41048,Latania 
41049,Hazelnut 
41050,Small Pineapple  
41051,Tomato 
41052,Pineapple  
41053,Muskmelon 
41054,Cantaloupe 
41055,Little Gooseberry 
41056,Lemon 
41057,Strawberry 
41058,Gooseberry 
41059,Mango 
41060,Little Lemon 
41061,Persimmon 
41062,Plum 
41063,Pinecone 
41064,??(???) 
41065,??(???) 
41066,Coconut 
41067,Coconut Oil  
41068,???(???) 
41069,Sunflower Oil  
41070,Wolf Meat 
41071,Peanut Oil 
41072,Soybean 
41073,Black bean  
41074,Red Bean  
41075,Mung Bean  
41076,Soya 
41077,Soybean Oil 
41078,Sesame Oil 
41079,Beef 
41080,Chicken 
41081,Lamb 
41082,Pork 
41083,Tiger Meat 
41084,Goose 
41085,Dog Meat 
41086,Roo Meat 
41087,Ostrich Meat 
41088,Duck 
41089,Snake Meat  
41090,Coprinus 
41091,Yellow Croaker 
41092,Tilapia 
41093,Fish 
41094,Sardine 
41095,Cod 
41096,Salmon 
41097,Eel 
41098,Tuna 
41099,Fugu 
41100,Octopus 
41101,Cuttlefish 
41102,Sepia 
41103,Lobster 
41104,Shrimp 
41105,Crab Roes 
41106,Sparrow Meat 
41107,Pigeon Meat 
41108,Bird Meat 
41109,Egg 
41110,Duck Egg 
41111,Goose Egg 
41112,Quail Egg 
41113,Salmon Roes 
41114,???(???) 
41115,Fresh Milk  
41116,Milk   
41117,Goat's Milk 
41118,Horse's Milk 
41119,Vicuna's Milk 
41120,Yak 
41121,Flour  
41122,Noodles 
41123,Pachyrhizus 
41124,Golden Apple 
41125,Green Apple 
41126,Fresh Apple 
41127,Aligote 
41128,Fungus 
41129,Brazil Mushroom 
41130,Sun Mushroom 
41131,Ha Mushroom 
41132,Su Mushroom 
41133,Flour Ball 
41134,Spore 
41135,Pollen 
41136,Nectar 
41137,Fruit Pollen 
41138,Fruit Nectar 
41139,Coconut 
41140,Wildpig's Meat 
41141,Brown Nut 
41142,Big Grape 
41143,Big Apple 
41144,Big Muskmelon 
41145,Big  Mango 
41146,Cabbage Sauce 
41147,Seafood Sauce 
41148,Yoyo Apple 
41149,Yoyo Orange 
41150,Yoyo Grape 
41151,Yoyo Banana 
41152,Yoyo Peach 
41153,Yoyo Watermelon 
41154,Yoyo Pineapple 
41155,Yoyo Strawberry 
42001,Gold Ore 
42002,Gold Sand 
42003,Gold Block 
42004,Bullion 
42005,Silvery Ore 
42006,Silvery Sand 
42007,Silvery Block 
42008,Copper Ore 
42009,Copper Sand  
42010,Copper Block 
42011,Copper Material 
42012,Bronze Material 
42013,Copper Plate 
42014,Iron Ore 
42015,Iron Sand 
42016,Iron Block 
42017,Iron Fillet 
42018,Iron Material 
42019,Steel 
42020,Pure Iron Ore 
42021,Pure Iron Sand 
42022,Pure Iron Block 
42023,Pure Iron Fillet 
42024,Tin Ore 
42025,Tin Sand 
42026,Tin Block 
42027,Tin Material 
42028,Galena 
42029,Galena Sand 
42030,Galena Block 
42031,Galena Plate 
42032,Lead Plate 
42033,Aluminum Ore 
42034,Aluminum Sand 
42035,Aluminum Block 
42036,Aluminum Plate 
42037,Hard Aluminum Plate 
42038,Coal Ore 
42039,Coal Sand 
42040,Coal Ball 
42041,Coal 
42042,Silicon 
42043,Sulfur 
42044,White Jade 
42045,Emerald 
42047,Sapphire 
42048,Ruby 
42049,Amethyst 
42050,White Crystal 
42051,Pink Crystal 
42052,Diamond 
42053,Mercury 
42054,White Silvery Ore 
42055,White Silvery 
42056,Magnet 
42057,Titanium 
42058,Quartz 
42059,Sea Salt 
42060,Red Jade 
42061,Water Jade 
42062,Purple Jade 
42063,Black Jade 
42064,Saltpeter 
42065,Magnetic Powder 
42066,Pure Tin 
42067,Refined Iron Sand 
42068,Delicate Hematite 
42069,Bullion 
42070,Crystal Shell 
42071,Forging Tin 
42072,Refined Tin 
42073,Magic Powder 
42074,Bluestone 
42075,Magic Crystal Powder 
42076,Refined Gold 
42077,Refined Silver 
42078,Refined Hematite 
42079,Refined Titanium 
42080,Refined Tin 
42081,Fine Crystal 
42082,Refined White Silver 
43001,Common Stone 
43002,Shale 
43003,Obsidian 
43004,Mica Rock 
43006,Marble 
43007,Granite 
43008,Basalt 
43009,Grey Rock 
43010,Brown Rock 
43011,Yueyi Rock 
44001,Clay 
44002,Red Clay 
44003,Black Clay 
44004,White Clay 
44005,Yellow Clay 
44006,Grey Clay 
44007,Dry Clay 
45001,Ordinary Wood 
45002,Oak wood 
45003,Lauan Wood 
45004,Cypress Wood 
45005,Wood 
45006,Oak 
45007,Lauan 
45008,Cypress 
45009,Cutted Fruit Tree 
45010,Fine Wood 
45011,Delicate Wood 
45012,Fine Log 
46001,Feather 
46002,Pigeon's Feather 
46003,Funny Feather 
46004,Phoenix's Feather 
46005,Ostrich's Feather 
46006,Parrot's Feather. R 
46007,Parrot's Feather. Y 
46008,Parrot's Feather. B 
46009,Parrot's Feather. G 
46010,Brown Fox Fur 
46011,Yellow Fox Fur 
46012,Red Fox Fur 
46013,White Fox Fur 
46014,Wild Rabbit Fur 
46015,White Rabbit Fur 
46016,Grey Rabbit Fur 
46017,Black Rabbit Fur 
46022,Sable Fur 
46023,White Mink Fur 
46024,Fire Mink Fur 
46025,Yellow Mink Fur 
46026,Brown Vicugna Fur 
46027,Black Vicugna Fur 
46028,White Vicugna Fur 
46029,Cougar Fur 
46030,Sheepskin 
46031,Goatskin 
46032,Capeskin 
46033,Black Sheepskin 
46034,White Sheepskin 
46035,Buffalo Skin 
46036,Small Buffalo Skin 
46037,Scalper Skin 
46038,Small Scalper Skin 
46039,Urus Skin 
46040,Small Urus Skin 
46041,Green Snake Skin 
46042,White Snake Skin 
46043,Fire Snake Skin 
46044,Yellow Snake Skin 
46045,Fine Fur 
46046,Fine Leather 
46047,Gold Tear 
46048,Eagle Feather 
46049,Spine Feather 
46050,Pure Drop 
46051,Dragon Spine 
46052,Fire Dragon Claw 
46177,Wind Fur 
46054,Growth Element 
46055,Delicate Leather 
46056,Lucid Glue 
46057,Fine Feather 
46058,Poisonous Juice 
46059,Deerskin 
46060,Fine Hide 
46061,??(??) 
46062,Bee Spine 
46063,White Tiger Skin 
46064,???(??) 
46065,Northern Tiger Skin 
46066,Grume 
46067,Dark Tiger Skin 
46068,Eagle Claw 
46069,???(??) 
46070,Dragon Squama 
46071,Wolf Tooth 
46072,Dragon Tooth 
46073,Dragon Claw 
46074,Fresh Fish Scale 
46075,Sea Fish Scale 
46076,Deep-sea Fish Scale 
46077,Tiger Skin 
46078,Bird Claw 
46079,Lion Claw 
46080,Red Coral 
46081,Snake Tooth 
46082,???(??) 
46083,Rhinoceros Skin 
46084,????(??) 
46085,Soft Bine 
46086,Rattlesnake's Tail 
46087,??(??) 
46088,???(??) 
46089,????(??) 
46090,????(??) 
46091,????(??) 
46092,????(??) 
46093,Crab Pincer 
46094,Comb 
46095,Fox Leaf 
46096,Hornet Comb 
46097,Seaflower Bone 
46098,Rubytail Comb 
46099,Octopus Ink 
46100,Cuttlefish Ink 
46101,Ink 
46102,Poisonous Liquid 
46103,Cobra's Venom 
46104,Snake's Venom 
46105,Shell Flower's Venom 
46106,Black Widow's Venom 
46107,Scorpion'S Venom 
46108,Pufferfish Venom 
46109,Musk 
46110,Ambergris 
46111,??(??) 
46112,Spider Net 
46113,Shell 
46114,??(??) 
46115,????(??) 
46116,???(??) 
46117,???(??) 
46118,????(??) 
46119,Dry Skin 
46121,Cow Dung 
46122,Bat Droppings 
46123,Claw 
46124,Beast Bone 
46125,Pig Skin 
46126,Thin-Skinned 
46127,Dog Skin 
46128,Beast Fur 
46129,Hedgehog Fur 
46130,Hedgehog Thorn 
46131,Beetle Horn 
46132,Wolf Fur 
46133,Chameleon Tongue 
46134,Chameleon Skin 
46135,Snake Skin 
46136,Beak 
46137,Hard Shell 
46138,Pest Tentacles 
46139,Scorpion Thorn 
46140,Crab Shell 
46141,Conch Shell 
46142,Conch Roes 
46143,Starfish Tentacles 
46144,Anemones Tentacles 
46145,Ant Antennae 
46146,Ant Tooth 
46147,Grume of Snail 
46148,Jelly Fish 
46149,Ivory Feather 
46150,Bear King Claw 
46151,Snow Crystal 
46152,Dye 
46153,Ivory 
46154,Angry Skeleton 
46155,Mask Model 
46156,Wing Claw 
46157,Dinosaur Tooth 
46158,Dinosaur Bone 
46159,Drowcrusher Tooth 
46160,Dinosaur Fur 
46161,Lei Dragon Thigh 
46162,River Boy Leaf 
46163,Energy Stone 
46164,Huge Hand 
46165,Stool 
46166,Seagull Feather 
46167,Goose Feather 
46168,Swallow Feather 
47001,Crude oil 
47003,Gasoline 
47004,Naphtha 
47005,Heavy oil 
47006,Tar 
47007,Kerosene 
47009,Gas 
47010,Oil 
47011,Unleaded Gasoline 
47012,Great Gasoline 
47013,Diesel Oil 
47014,Rough Nylon 
47015,Weave Nylon 
47016,Delicate Nylon 
47017,Thin Nylon 
47018,Fine Nylon 
48019,Air Balloon Capsule 
48020,Airship Capsule 
48021,(Not opened) 
48022,Mighty Plane Capsule 
48023,Jalor Capsule 
48024,Steam Ship 
48025,Motorbike 
48026,(Not opened) 
48027,Turtle Car Capsule 
48028,(Not opened) 
48029,Cabriolet Capsule 
48030,Yacht Capsule 
48031,UFO Capsule 
48032,Robot Capsule 
48033,Submarine Capsule 
48034,Space Craft Capsule 
49001,Tsiji 
49002,Torch 
49003,Barricade 
49004,Stone Eagle Totem 
49005,Gold Eagle Totem 
60001,Sea Water 
60002,Fresh Water 
60003,Sewage 
60004,Boiled Water 
60005,Distilled Water 
60006,Mineral Water 
60007,Pure Water 
60008,Hot Water 
60009,Bottled Hot Water 
60010,Bottled Boiled Water 
61000,Clear Devil's Spar 
61001,Amber Devil's Spar 
61002,Cyan Devil's Spar 
61003,Brown Devil's Spar 
61004,Orange Devil's Spar 
61005,Green Devil's Spar 
61006,Red Devil's Spar 
61007,Blue Devil's Spar 
61008,Purple Devil's Spar 
61009,Black Devil's Spar 
61010,Shining Spar 
61011,Nimbus Spar 
61012,Pink Spar 
61013,Golden Spar 
61014,Orange Spar 
61015,Grass Spar 
61016,Sanguine Spar 
61017,Blove Spar 
61018,Sky Spar 
61019,Death Spar 
61020,Inverted Spar 
61021,Deity Spar 
61022,Dragon Spar 
61023,Light Spar 
61024,Black Spar 
61025,Green Diamond 
61026,Red Diamond 
61027,Blue Diamond 
61028,Violet Diamond 
61029,Black Diamond 
61030,Shining Diamond 
61031,Nimbus Diamond 
61032,Pink Diamond 
61033,Golden Diamond 
61034,Orange Diamond 
61035,Grass Diamond 
61036,Sanguine Diamond 
61037,Blove Diamond 
61038,Sky Diamond 
61039,Death Diamond 
61040,Fairy Diamond 
61041,Purple Diamond 
61042,Star Diamond 
61043,Spark Diamond 
61044,Light Diamond 
61045,Bice Diamond 
61046,Scarlet Diamond 
61047,Sea Diamond 
61048,Bead Diamond 
61049,Shade Diamond 
61050,Dark Spar 
61051,Green Spar 
61052,Red Spar 
61053,Blue Spar 
61054,Sunny Spar 
61055,Power Spar 
61056,Fairy's Spar 
61057,Dew Spar 
61058,Star Spar 
61059,Spark Spar 
61060,Gray Spar 
61061,Yellow Diamond 
61062,Chaos Crystal 
61063,Morning Star Crystal 
61064,Malefic Crystal 
61065,Orange Crystal 
61066,Forest Crystal 
61067,Purple Crystal 
61068,Colorful Crystal 
61069,Blizzard Crystal 
61070,Purple Haze Crystal 
61071,White Crystal 
61072,Cyan Crystal 
61073,Ultra Violet Crystal 
61074,Dark Shadow Crystal 
61075,Green Crystal 
61076,Yellow Crystal 
61077,Blue Crystal 
61078,Charm Crystal 
62000,8% Bomb Diamond 
62001,10% Bomb Diamond 
62002,12% Bomb Diamond 
62003,14% Bomb Diamond 
62004,16% Bomb Diamond 
62005,18% Bomb Diamond 
62006,20% Bomb Diamond 
62007,22% Bomb Diamond 
62008,24% Bomb Diamond 
62009,26% Bomb Diamond 
62010,28% Bomb Diamond 
62011,32% Bomb Diamond 
