10000,Breillat 
11000,Persian Cat  
11001,Tabby Cat 
11002,Lala 
11003,Shiba inu 
11008,Little Persian 
11009,Mew 
11010,Lala Dog 
11011,Wild Pup 
11012,Laifu 
11013,Cat 
12000,Commercial Fleet 
12001,Zhenghe 
12002,Chinese Guard 
12004,Melhilis 
12005,Magellan 
12006,Cook 
12007,Colombo 
12008,Marco Polo 
12009,Sailor 
12010,Bosun 
12011,Ashoka 
12012,Indian Soldier 
12015,Elfin 
12016,Samurai 
12017,Minzhi 
12018,Gongben 
12019,Huang Feihong 
12020,Club Foot  
12021,Dharma 
12022,Sakyamuni 
12023,DwarfLord 
12024,Dwarf 
12025,Pistachio 
12026,Sleeping Insect 
12027,Bashful  
12028,Snot Demon 
12029,Woodenhead 
12030,Ice Queen 
12031,Prince Charming 
12032,Robinson 
12033,Nielide 
12035,Match Girl 
12036,Hood Girl 
12037,Shepherd Boy  
12038,Beard the Pirate  
12039,William 
12040,Pirate 
12042,Meng the Beauty 
12043,Fleet 
12044,Magellan's fleet  
12045,Zhenghe's fleet 
12048,Pirate Ship 
12049,Hijacker 
12051,Guard 
12052,Santa Claus  
12053,Gray Haired Inan 
12055,Tough guy 
12056,Ferdinand 
12057,Fairy Statue 
12058,Le Yana 
12059,Frederico 
12060,Mystic Man 
12067,The Frog Prince  
12069,Match Maker 
12070,White Woman 
12071,Green Woman 
12072,Dragon Old Man 
12073,Cool Ronin 
12074,Ghost Ship 
12075,Kidd 
12076,Pharaoh 
12077,Cleopatra 
12078,Dracula 
12079,Wright 
12080,Steamship 
12081,Master Sanbo 
12082,Chen Zuyi 
12083,Tower 
12084,The Status of Knight 
12085,Stone of Protection 
12089,Apollo 
12090,Pirate Leader 
12099,Valkyrie 
12101,Hell Power Stone 
12103,Erina 
12104,  
12105,Supermarket Clerk 
12106,Parking Clerk 
12108,???NPC 
12109,???NPC 
12110,????? 
12111,????? 
12112,???NPC 
12113,TutanKhamen 
12114,Xu Fu 
12131,Yong Wolf Man 
12132,Louis 
12133,Female Pirate 
12134,Athena 
12135,Venus 
12136,Trace Sealord 
12137,Himiko 
12139,Titan Trace Sealord 
12140,Sano 
12141,Wuwan 
12142,Houyi  
12143,The Yangs' Saga 
12144,Abba 
12145,Nun 
12146,Priest 
12150,Gilbert  
12151,Kirk 
12152,Death Guardian 
12165,King Howert 
12166,Colombo's Fleet 
12167,Slave Ship 
12168,Karl 
13000,Weapon Shopkeeper 
13001,Props Shopkeeper 
13002,Bar Owner 
13003,Hotel Owner 
13004,Props Shop Clerk 
13005,Taverner 
13009,Armor Shopkeeper 
13010,Magic Suit Seller 
13012,Stock Keeper 
13013,Props Keeper 
13016,European Merchant 
13017,Maintenance Man 
13018,Frany 
13019,Businessman 
14001,Crew on Deck 
14002,Crew 
14003,Captain 
14004,Tahoua 
14005,Jack 
14006,Dick 
14007,Young Villager 
14008,Linken 
14009,Mel 
14010,Zero 
14011, Sunny 
14012,Ashley 
14013,Mary Lou 
14014,Tasa 
14015,Wuwu 
14016,Sara 
14017,Elisa 
14018,Old Man 
14020,Village Leader 
14021,Villager 
14024,Hunter 
14026,Canaan 
14027,Fruit Grower 
14028,Farmer 
14029,Old Woman 
14035,Aer 
14036,Tark 
14037,Aboriginals 
14038,Pirate Captain 
14039,Tewei 
14040,Elliott 
14042,Drunk Man 
14043,Drunkard 
14044,Woodcutter 
14045,Vick 
14046,Yuna 
14047,Evru 
14048,Geshan 
14049,Lina 
14050,Menci 
14051,Isa 
14053,Liv 
14054,Amy 
14056,Drunk Father 
14060,Boy 
14061,Welling Leader 
14062,Kelan Leader 
14063,Boll 
14064,Mooter 
14065,Girl 
14066,Nina 
14079,Bellman 
14080,Visitor 
14081,Niss 
14085,Aunt 
14089,Grannie 
14090,Apprentice 
14094,Statue 
14097,Bishop 
14098,KaVo 
14099,Hat 
14101,Drunken village 
14102,Turque 
14103,Eunos 
14105,Fiuria 
14106,Cura 
14107,Ross 
14109,Sister Eunos 
14110,Holy Leader 
14111,Jailer 
14114,Dodge King 
14115,Defence King 
14119,Housekeeper 
14120,Presbyter 
14121,Wine Maker 
14129,Honey Merchant 
14130,Monte 
14132,Server 
14133,Pet Keeper 
14135,PK Servant 
14136,Single PK Sign-up 
14138,Band of Brothers 
14139,Old Woman  
14140,Emilie 
14141,Doll 
14142,Mystic Old Man 
14145,John 
14146,Peter 
14147,King of Children 
14149,Official 
14151,Witch Doctor 
14154,Xaolan 
14157,Exchanger 
14158,Gentleman 
14159,Design Master 
14160,Bartender 
14161,Roca 
14163,Presbyter' Pawn 
14173,Doctor 
14174,Officer 
14175,Clive 
14176,Curer 
14177,Antique Merchant 
14178,Axman 
14180,Miner 
14182,TGC Sign-up Clerk 
14183,Challenge Sign-up 
14184,Challengee 
14185,Enchantress 
14186,Recorder 
14187,TGC Challengee 
14188,Rock Guard 
14189,Azure Guard 
14190,Flame Guard 
14191,Wind Guard 
14192,The Chief Mate 
14193,Steerer 
14194,Flag Waver 
14195,Flying Sailor 
14196,Dark God 
14197,Town Guard 
14208,Ceres 
14209,Garrick 
14210,Revival Island Guard 
14211,Earth Gate Escort 
14212,Water Gate Escort 
14213,Fire Gate Escort 
14214,Wind Gate Escort 
14215,Earth Protector 
14216,Water Protector 
14217,Sign-Up Staff 
14218,Guta 
14219,Xiwu 
14220,Luo 
14221,Armor Improver 
14222,Castle Servant 
14223,Weapon Improver 
14225,Bead Protector 
14229,Award Carrier 
14230,Elin 
14232,Servant 
14233,Engraver 
14234,Johnson 
14235,Hawke 
14236,Patterson 
14237,Varna 
14238,Witty Presenter 
14239,Observer 
14240,Fisher 
14241,Granny 
14242,Eva 
14243,Angela  
14246,Mystic Immortal 
14247,Elwes 
14250,Cannon Carrier 
14251,Wumen Arena Worker 
14253,Kita 
14254,Anlyna 
14255,Hugas 
14256,Hugas the Escort 
14259,Carl 
14260,Thewlien 
14261,Miranda 
14262,Jeweler 
14263,Saar 
14269,Strengthening Worker 
14270,Restoration Worker 
14271,Ancilla Chief 
14272,Babylonian Queen 
14273,Update Servant 
14274,Sam 
14276,Hijacker Leader 
14281,Lost Items Keeper 
14282,Clark 
14284,Star Prince 
14285,Pianist 
14286,Rewards Keeper 
14288,Xao Li 
14289,Xao Yung 
14290,Xao Ree 
14291,Ivense 
14292,Dan 
14303,Natasha 
14305,Gloria 
14306,Ai Er 
14307,Robert 
14308,Thomas 
14309,Bard 
14400,Dongdong 
14401,Zhuang Zhi 
14403,Grandpa Zhuang 
14405,Aunt Zhuang 
14406,Chengheng 
14407,Wang 
14408,Wino Cai 
14409,Roowa 
14410,Aniu 
14411,Grandpa Yan 
14412,Yan Xiaomei 
14414,Aunt Ping 
14415,Aping 
14420,Sun 
14422,Azong 
14423,Fox Fairy 
14424,Miss Flower 
14428,Waiter 
14429,Ade 
14430,Pei 
14431,Inspector 
14432,Earth Patrol 
14433,Water Patrol 
14434,Fire Patrol 
14435,Wind Patrol 
14436,Flame Tiger 
14437,Dark Water 
14438,Monk 
14439,Chang-er 
14440,Zhen 
14441,Zaizai 
14442,Wanyeer 
14443,Direction Idiot 
14444,White Old Man 
14448,Vendor 
14449,Loyal Brocade Guard 
14450,Blue Brocade Guard 
14451,Royal Brocade Guard 
14452,Swift Brocade Guard 
14453,Cowherd 
14454,Vega 
14455,Fairy 
14456,Sedulous Scholar 
14458,Grandpa 
14459,Xaohoo 
14460,Chunchun 
14465,Heqi 
14469,Inspecting Soldier 
14470,Warlike General 
14471,Chinese Warrior 
14472,Nangonchon 
14473,Cateran? 
14474,Cateran? 
14475,Cateran? 
14476,Cateran? 
14477,Wine Warmer 
14478,Scholar 
14479,Brewster 
14480,Fortune Teller 
14481,Picture Vendor 
14482,General 
14483,Soldier 
14484,The rebel forces 
14488,Great Wall Worker 
14489,Great Wall Guard 
14493,Clay Soldier 
14497,Clay General 
14499,Chunli 
14502,Ronin 
14506,Shiv Guard 
14507,Casino Bodyguard 
14508,Cloth Store Owner 
14509,Chatelain 
14510,Hotspring Boss 
14511,Casino Owner 
14512,Astrologian 
14513,Boy  
14520,Guandai 
14524,Lunatic Princess  
14525,Clerk 
14526,Geisha 
14529,Guest 
14530,Gambler 
14531,Bimbashi 
14532,Takeyoshi 
14534,Ma-Ma-Sang 
14537,Qancao 
14538,Warrior 
14539,Challenger 
14540,Guarder 
14541,Rock Guardian 
14543,Flame Guardian 
14544,Vapor Guardian 
14545,Taomiao Garrison 
14546,Cangji Garrison 
14547,Huan 
14548,Kanako  
14549,Ryotaro 
14550,Benjalin 
14551,Guanwoo 
14554,Takashi 
14555,Katou 
14556,Cave Inspector 
14557,Hill Road Looter 
14558,Urashima Taro  
14560,Yuta 
14561,Miyuki  
14562,Momotaro 
14563,Little Huan 
14567,Ninja 
14568,??(??) 
14569,??(??) 
14570,Kasuga's Father 
14571,Kasuga 
14572,Etigoya 
14574,Azure Guardian 
14577,Ninja  
14581,Ninja Shang 
14585,Ninja Earth 
14586,Ninja Water 
14587,Ninja Fire 
14588,Ninja Wind 
14589,Ninja Shadow 
14590,Psychic 
14592,Lottery Merchant 
14593,Beggar 
14594,Local Bully 
14596,Minister 
14603,Vilager 
14605,Fighter 
14606,Dentist 
14607,Mannix 
14608,Little Beru 
14609,Shasha 
14614,Wounded Man 
14615,Qlaya 
14622,Maya Guard 
14623,Swift Guard 
14624,Water Illusion Guard 
14625,Fire Guard 
14626,Storm Guard 
14627,Vapor Prist 
14628,Dark Fire Protector 
14629,???(???) 
14630,Uncle Hunter 
14631,Ware Maker 
14637,Shizune 
14638,Richard 
14639,Group Leader 
14640,Wildboar Knight 
14646,Sailor Captain 
14708,Indian Monk 
14709,Snake Charmer  
14710,Merchant 
14711,Earth God 
14712,Earth Immortal 
14713,Water Immortal 
14714,Flame Immortal 
14715,Wind Immortal 
14716,Yamar 
14717,Holy Cow 
14719,Grace 
14720,Kundi 
14721,Poniman 
14722,Slave Merchant 
14723,Female Slave 
14724,New Trainee 
14728,Bathhouse Servant 
14729,Bangkok Monk 
14730,Chantal 
14731,Illusive Woman 
14800,????(??) 
14910,Roby 
14911,Snow Goddess  
14915,Duff 
14916,Deity Weapon 
15000,??(??) 
15001,??? 
15003,Test  
15104,Village Elder 
15106,Chang Jin 
15107,Drug Store Owner 
15108,Cha Hee Yeon 
15109,Cha Park Jeong   
15110,The Earth God 
15111,Kee  
15113,Park Ji hem 
15114,Robber 
15118,Wheel Ben 
15119,Lady 
15120,Cool King 
15121,Little Boy 
15122,Little Girl 
15203,Graverobber 
15207,Khafre 
15210,Stranger 
15211,Desert Robber 
15216,Attendant 
15220,Aston 
15221,Asura 
15222,Ulysses 
15256,Mystic Stranger 
15257,Pattis 
15258,Ayatollah 
15260,Aladdin 
15261,Archaeologist 
15262,Napdoria 
15263,Daris Fighter 
15267,Darkness Niss 
15268,Inspecting Crew 
15273,Royal Guard 
15285,Ella 
15286,Aden 
15287,Lily 
15300,Female Villager 
15301,Male Villager 
15302,Holy Guard 
15303,Doerr 
15304,Aranda 
15305,Accession Official 
15306,King 
15311,Premier Trados 
15312,Duckriver 
15316,The Immortal Xu 
15317,The Immortal Wu 
15318,The Immortal Huan 
15319,The Immortal Earth 
15320,The Immortal Sky 
15321,Trados's Pawn 
15325,Wuge Guard 
15350,Mercenary Chief 
15351,Steel Soldier 
15352,Xibei'er 
15353,Acrobat 
15356,Gold Sculpture 
15362,Evil Armed Soldier 
15363,Evil Rabbi 
15364,Xao Mo 
15365,Mao 
15369,Guard Leader 
15372,Sydney 
15373,Man 
15374,Professor Sue 
15375,Little Fairy 
15376,Kwint 
15381,Military Supplier 
15400,Bundrick 
15401,Naya 
15402,Dolu 
15403,Pathway Guardian 
15407,Wizard 
15408,Wizard's Pawn 
15413,Shikwa 
15414,Berthaud 
15415,Melody 
15416,Baird 
15501,The Challenged 
15502,Xaohui 
15504,Sima 
15506,Gouzi 
15507,Masked Swordsman 
15512,Lengzi 
15514,Dragon Spirit Guard 
15518,Genuine Dragon Guard 
15522,Stone Archer  
15523,Magic Stone Soldier 
15526,Stone Soldier 
15530,Sculpture Soldier 
15534,Lordling Zhan 
15535,Zhanzhao 
15536,Liyi 
15537,Liyi's Pawn 
15541,Tea House Owner 
15542,Local Ruffian 
15544,Barbarian Tribe 
15545,Luban 
15547,Jane 
15548,Alan 
15549,Adam 
15550,Alfred 
15552,Xao Sun 
15554,Xao Wen 
15556,Qu Yuan 
15557,Miss White 
15558,Mr Xu 
15559,Bloody Monk 
15560,Kung-fu Monk 
15564,Xao Yee 
15566,Old Lady 
15568,Guardian 
15600,Luna's Escort 
15604,Moon Shadow 
15605,General Shangguang 
15606,General Ouyang 
15607,General Murong 
15609,General Situ 
15610,General Ximen 
15611,General Dongfang 
15612,General Zhuge 
15613,Mature Guy 
15614,Charming Woman 
15619,Emperor 
15620,Bead Guardian 
15621,Examiner 
15625,Water God 
15626,Fire God 
15627,Wind God 
15628,Earthen Figurine 
15632,Guard  
15636,Wee 
15637,Ming 
15638,Ling 
15641,Old Gentleman 
15648,Dao Wu 
15650,????(?) 
15651,Female Ninja 
15652,Mystic Girl 
15653,Charles 
15654,Kyoko 
15655,Lion General 
15656,Sharon 
15657,Victoria 
15670,General  
15671,Teresa 
15675,Cave Guard 
15679,Jam 
15680,Jam's Mom 
15681,Hayate 
15682,Kurokawa 
15683,Kurokawa Ninja 
15687,Alcmene 
15688,Misia 
15691,Lee 
15692,Lee's Mom 
15693,Heaven Master 
15694,Heaven Ninja 
15700,Tatado 
15701,Tatasi 
15702,Tatana 
15705,Brave Warrior 
15724,Henry 
15726,Jim Ling  
15727,Scorpion 
15731,Spider 
15735,Haben 
15737,Chen 
15750,Shadow?Lord of Sea 
15753,Beast Trainer 
15755,Hyeres 
15756,Stone Wizard 
15762,Priestess 
15763,Puppet Master 
15764,Pinocchio 
15767,Akii 
15780,Sonia 
15782,Gaby 
15783,Jimy 
15801,Angeka 
15802,Angeli 
15803,Qiqi 
15804,Sky Guard 
15808,Youth 
15809,Energy Caster 
15850,Darius 
15851,Aristocrat  
15864,Premier Karl 
15865,Princess 
15870,Bick 
15871,Hubert 
15875,Uncle 
15878,Lia 
15880,Persian Envoy 
15881,Persian Army 
15888,Leo 
15889,Xao Tee 
15890,Xao Mee 
15891,Kacy 
15892,Lacey 
15893,Statue of a Man 
15894,Salir 
15895,Princess Kacy 
15900,Elmer 
15901,Casino Guard 
15910,Furious Soul 
15911,Kurokawa Army 
15927,Official Nanase  
15945,Roman Soldier 
15949,Girl(?) 
15964,Senate Officer 
15969,Cookie Master 
15970,Beast Watcher 
15972,Luchia 
15974,Mathematician 
15976,Silvia 
15977,Archie 
15978,Neil 
15988,Persian Soldier 
15992,General Charlie 
16000,Treasure Box 
16001,Cask 
16002,Chest 
16004,Darkness Box 
16005,Bottle 
16006,Gallipot 
16008,Red Box 
16009,Blue Box 
16010,Green Box 
17000,Banana  Monster 
17001,Pineapple  Monster 
17002,Kiwi  Monster 
17003,Grape  Monster 
17004,Fragrance  Monster 
17005,Delicate  Monster 
17006,??(???) 
17010,????(???) 
17011,???(???) 
17012,Hard Shell Snail 
17013,Damp Snail 
17014,Burning Snail 
17015,Swift Snail 
17016,Lazy Snail 
17017,Sleepy Snail 
17018,Ant 
17019,Poisonous Ant 
17020,Red Ant 
17021,White Ant 
17022,Rock Skin Ant 
17023,Steel Ant 
17024,Tender Earthworm 
17025,Hard Earthworm 
17026,Pink Earthworm 
17027,Swollen Earthworm 
17028,Earthworm 
17030,Yellow Dragonfly 
17031,Light Blue Dragonfly 
17032,Red Dragonfly 
17033,Green Dragonfly 
17034,Sky Dragonfly 
17035,Flying Dragonfly 
17036,Rabbit 
17037,Blue-eyed Rabbit 
17038,Coffee Rabbit 
17039,Golden Rabbit 
17040,Jade Rabbit 
17041,Medical Rabbit 
17042,Rice Chicken 
17043,Irrigated Chicken 
17044,Hyperkinetic Chicken 
17045,Straw Chicken 
17046,Chicken 
17047,Fried Chicken Lord 
17048,Mushroom 
17049,Fresh Mushroom 
17050,Poisonous Mushroom 
17051,Golden Mushroom 
17052,The Girl's Mushroom 
17053,???(???) 
17054,Cute  Jellyfish 
17055,Electric Jellyfish  
17056,Torrid  Jellyfish 
17057,Easy  Jellyfish 
17058,Huge  Jellyfish 
17059,Perpetual  Jellyfish 
17060,Young Honey Bee 
17061,Honey Bee 
17062,Worker Bee 
17063,Rubytail 
17064,Baby Bee 
17066,Ground Beetle 
17067,Blue Beetle  
17068,Flour Beetle 
17069,Cyan Beetle 
17070,Senior Beetle(M)  
17071,Senior Beetle(F) 
17072,Snowy Frog 
17076,?????(???) 
17077,????(???) 
17078,Frog 
17079,Poisonous Frog 
17080,Robustus Frog 
17081,Rain Forest Frog 
17082,????(???) 
17083,????(???) 
17084,??(???) 
17088,???(???) 
17089,??(???) 
17090,Echinate Starfish 
17094,Thick Starfish  
17095,Kung Fu Starfish 
17096,Old Seaflower 
17100,Beach Seaflower 
17101,River Seaflower 
17102,Shrewmouse 
17106,Colorful Seaflower 
17107,Grass Seaflower 
17108,Cirrus 
17112,Tender Cirrus 
17114,Squirrel 
17115,Orange Squirrel 
17116,Nut-brown Squirrel 
17117,Brown Squirrel 
17118,Wild Squirrel 
17120,??(?) 
17124,??(???) 
17126,??(?) 
17130,????(???) 
17131,???(???) 
17132,Potato Monster 
17136,????(???) 
17137,???(???) 
17138,Eagle Protector 
17142,Eagle 
17143,Giant Eagle 
17144,Fiery Crab 
17145,Orange Crab 
17146,Pink Crab 
17147,Poisonous Crab 
17148,Monster Claw Crab 
17150,Vulture 
17154,????(???) 
17155,???(???) 
17156,Poisonous Flower 
17157,Pink Flower  
17158,Blue Flower  
17159,Golden Flower  
17160,?????(???) 
17161,????(???) 
17162,Monkey 
17163,Rhesus Monkey 
17167,??(???) 
17172,???(???) 
17173,Poisonous Scorpion 
17174,Chameleon 
17175,Big Chameleon 
17178,Mouth Chameleon 
17179,Saliva Chameleon 
17184,Forest Spider 
17186,Snake 
17190,Bush Snake 
17191,Swamp Snake 
17192,Wild Wolf 
17193,Dark Wolf 
17194,Gray Wolf 
17195,Red Wolf 
17196,Wind Wolf  
17197,Snow Wolf 
17198,Pig 
17202,Fat Pig 
17203,Pig Lord 
17204,Banyan Devil 
17205,Oak Devil 
17206,Senior Banyan Devil 
17207,Senior Oak Devil 
17208,Senior Willow Devil 
17209,Senior Cypress Devil 
17210,Dairy Cattle 
17214,Aged Turtle 
17215,Dongfeng Crane 
17216,Rhino 
17217,Zebra 
17218,Blue Horse Kiny 
17219,Lion 
17220,Devil Naji 
17221,Deadly Flower  
17222,Pink Ginseng  
17223,Vale Butterfly 
17224,Gold Horn Buffalo  
17225,Bigfoot Harley 
17226,???(???) 
17227,???(???) 
17228,Orangutang 
17232,???(???) 
17233,Gorilla 
17234,Big Tiger 
17235,Tiger 
17239,White Tiger 
17244,Gold Hair Lion  
17245,???(???) 
17246,Bear 
17250,White Bear 
17251,??(???) 
17252,Yellow Snowman 
17253,Blue Snowman 
17254,Red Snowman 
17255,Green Snowman 
17256,???(???) 
17257,???(???) 
17258,Elephant 
17262,Clumsy Elephant 
17263,??(???) 
17264,Spirit 
17265,Lust Spirit 
17266,Hungry Spirit 
17267,Reckless Spirit 
17268,Blue Spirit 
17270,Furied Soldier 
17271,Chaotic Soldier 
17272,Angry Skeletal 
17273,Greedy Skeletal 
17274,????(???) 
17275,????(???) 
17276,Troll 
17280,Giant Troll 
17282,Pumpkin Monster 
17283,Sea Rock Monster 
17284,White Hook Spirit 
17285,Griffin 
17286,Heracles 
17287,???? 
17288,Darkness Spirit 
17289,Azrael 
17292,???(???) 
17293,????(???) 
17294,Yellow Pterosaur 
17295,Blue Pterosaur 
17296,Red Pterosaur 
17297,Green Pterosaur 
17298,?????(???) 
17299,????(???) 
17300,Yellow Velociraptor 
17301,Blue Velociraptor 
17302,Red Velociraptor 
17303,Green Velociraptor 
17304,Thick Velociraptor  
17305,Cold Velociraptor  
17306,Yellow Stegosaurus 
17307,Blue Stegosaurus 
17308,Red Stegosaurus 
17309,Green Stegosaurus 
17310,???(???) 
17311,Stegosaurus Lord 
17312,Yellow Triceratops 
17313,Blue Triceratops 
17314,Red Triceratops 
17315,Green Triceratops 
17316,??…?(???) 
17317,Triceratops Lord 
17318,Drowcrusher 
17322,??(???) 
17323,Drowcrusher Lord 
17324,Yong Tyrannosaur 
17328,Tyrannosaur 
17330,Yellow River Boy 
17331,Blue River Boy 
17332,Red River Boy 
17333,Green River Boy 
17334,River Boy 
17335,River Boy Lu 
17336,Yellow Sunshade 
17337,Blue Sunshade 
17338,Red Sunshade 
17339,Green Sunshade 
17341,Shading Puppet Lord 
17342,Yellow Moai 
17343,Blue Moai 
17344,Red Moai 
17345,Green Moai 
17347,Big Moai 
17348,???(???) 
17349,???(???) 
17350,Earth Dragon 
17351,Water Dragon 
17352,Fire Dragon 
17353,Wind Dragon 
17354,Green Dragon 
17355,Little Green Dragon 
17356,Yellow Dragon 
17357,Blue Dragon 
17358,Red Dragon 
17360,Little Dark Dragon 
17361,Dark Dragon 
17362,Yellow ET 
17363,Blue ET 
17364,Red ET 
17365,Green ET 
17366,Little ET 
17367,ET 
17368,Sheep 
17372,White Rock Monster 
17373,Green Rock Monster 
17374,Yellow Rock Monster 
17375,Red Rock Monster 
17376,Rock Monster 
17377,Mori Statue 
17381,Red Holy Spirit 
17382,Cave Bear 
17388,Willow Devil 
17389,Cypress Devil 
17390,Hunny Bear 
17391,Old Hen 
17392,Little Fox 
17393,Blue Fox 
17394,Red Fox 
17395,Green Hair Fox 
17396,Fox 
17397,Giant Holy Spirit 
17398,White Immortal Fox 
17399,Mayan Rocket Man 
17400,Pig  
17402,Panda 
17406,Stone Monster 
17407,Green Stone Monster 
17408,Earth Stone Monster 
17409,Red Stone Monster 
17411,Floating  Monster 
17412,Deadwood Starfish 
17413,Fresh Water Starfish 
17414,Hot-blooded Starfish 
17415,Leaf Starfish 
17416,Wooden Seaflower   
17417,Neritic Seaflower 
17418,Red Seaflower 
17419,Land Seaflower 
17420,Cruel Snake 
17421,Disguise Snake 
17422,Flame Chameleon 
17423,Disguise Chameleon 
17428,Bloody Velociraptor 
17429,Swift Velociraptor 
17430,Little Ant 
17432,UFO 
17433,Alien Orang 
17438,Big Old Spider 
17439,Ancient Spider 
17440,Giant Corpse Flower 
17445,Tyrannosaur Lord 
17449,Snake Lord 
17450,Poisonous Snake 
17454,Arez 
17455,Giant  Monster 
17456,Earth Hood Spirit 
17457,Water Hook Spirit 
17458,Fire Spirit 
17459,Wind Spirit 
17461,Red Pig 
17462,Little Dairy Cattle 
17463,Blue Dairy Cattle 
17464,Red Dairy Cattle 
17465,Grass Dairy Cattle 
17468,Pucca 
17469,Dark Spirit 
17473,Aboriginal Warrior 
17474,Aboriginal Fighter 
17475,Truculent Lion 
17476,Huge Earthworm 
17477,White Snake 
17478,Green Snake 
17479,Moai 
17483,Snow Fox 
17484,Silver Fox 
17485,Snow Envoy 
17486,Martian 
17490,Abyssal Devil 
17491,Ox-headed Man 
17494,Burning Hippo 
17495,Flood Hippo 
17496,Fierce Hippo 
17497,Swift Hippo 
17498,Shaking Mammoth 
17499,Snow Mammoth  
17500,Red Brow Mammoth 
17501,Grass Mammoth 
17502,Ground Aurochs 
17503,River Aurochs 
17504,Flame Aurochs 
17505,Plain Aurochs 
17506,Unicorn Snow Monster 
17510,Yellow Mantis 
17511,Water Mantis 
17512,Frenzy Mantis 
17513,Jump Mantis 
17514,Sand Crocodile 
17515,Swamp Crocodile 
17516,Fury Crocodile 
17517,Sharp Claw Crocodile 
17518,Little Bat 
17519,Blue Bat 
17520,Red Bat 
17521,Green Bat 
17522,Mayan Aboriginal 
17523,Mayan Blue Race 
17524,Mayan Red Race 
17525,Mayan Green Race 
17526,Little Steel Beetle 
17528,Red Beetle 
17529,Green Beetle 
17530,Spider Monster 
17531,???(?) 
17534,Burning Caterpillar 
17535,Flood Caterpillar 
17536,Fire Caterpillar 
17537,Swift Caterpillar 
17538,Pumpkin Cactus 
17539,Aresh Cactus 
17540,Red Head Cactus 
17541,Big-eyed Cactus 
17542,Old Sea Turtle 
17543,Turtle 
17546,Bully Wild Horse 
17547,Blue Wild Horse 
17548,Fire Brown Horse 
17549,Swift Horse 
17551,White Snow Bear 
17552,Icefire Snow Wolf 
17553,Flame Snow Bear 
17554,Ice Wind Snow Wolf  
17555,Snow Stone Bear 
17556,Silver Pub Snow Wolf 
17557,Androsphinx Beast 
17558,Medusa 
17559,???(?) 
17560,African Aboriginal 
17562,La. Tim 
17563,Anubis 
17566,????(?) 
17567,????(?) 
17568,Mummy 
17569,Blue Mummy 
17570,Red-Eyed Mummy 
17571,Green Mummy 
17572,Sphinx 
17573,Hard Skin 
17577,Ivory Wolf 
17581,Egyptian Sand Hornet 
17582,Egyptian Bee 
17583,Egyptian Worker Bee 
17584,Egyptian Rubytail 
17585,Stone Chameleon  
17586,Waterrock Chameleon 
17587,Red Chameleon 
17588,Green Chameleon 
17589,Evil Scorpion 
17590,Poisonous Scopion 
17591,Fire Scopion 
17592,Evil Wind Scopion 
17593,Taiwan Black Bear 
17597,Burning Adder 
17598,Flood Adder 
17599,Red-eyed Adder 
17600,Wind Adder 
17601,Sand Crab 
17602,Big Sand Crab 
17603,Fire Sand Crab 
17604,Green Sand Crab 
17605,Digging Earthworm 
17606,Swimming Earthworm 
17607,Swirling Earthworm 
17608,Floating Earthworm 
17609,Grave Scopian 
17613,Slaughterous Spirit  
17614,Orange Icedrop 
17615,Blueberry Icedrop 
17616,Strawberry Icedrop 
17617,Lime Icedrop Monster 
17622,Cold Earth Frog 
17623,Icy Frog 
17624,Angry Icy Frog 
17625,Phtoncide Frog 
17626,Yellow Snow Monkey 
17627,Polar Snow Monkey 
17628,Red Snow Monkey 
17629,Green Snow Monkey 
17630,Gray Bat 
17631,Cold Bat 
17632,Purple Icy Bat 
17642,Snowtree Monster 
17643,Freezing Snowtree 
17644,Pink Snowtree 
17645,Green Snowtree 
17646,Earth Evil Spirit 
17647,Snow Evil Spirit 
17648,Red Evil Spirit 
17649,Wind Evil Spirit 
17650,Guo Ginseng Monster 
17651,Gu Ginseng Monster 
17652,Du Ginseng Monster 
17653,An Ginseng Monster 
17654,Valley Tyrannosaur 
17655,Spraying Tyrannosaur 
17656,Red Tyrannosaur 
17657,Green Tyrannosaur  
17658,Earth Race 
17659,Water Race 
17660,Fire Race 
17661,Plain Barbarian 
17662,Ginseng Monster 
17663,Baby Mammoth 
17667,Carbiff 
17669,Horse 
17670,White Horse 
17671,Red Horse 
17672,Black Horse 
17673,Smiling  Monster 
17674,Mammoth 
17675,Aboriginal Wula 
17677,Bandage Mummy 
17678,Lost Martian 
17679,River Boy's Bolus  
17680,Leviathan  
17681,Skeleton Guardian 
17682,Brass Bat 
17683,Frost Bat 
17684,Flame Bat 
17685,Dark Green Bat 
17686,Green-eyed Bat 
17687,Evil Eyed Bat 
17688,Twilight Cactus 
17689,Blue Cactus 
17690,Red Cactus 
17691,Green Cactus 
17692,Red-thorn Cactus 
17693,Thick Monster 
17694,Cold-skinned Monster 
17695,Frenzy Hill Monster 
17696,Swift Hill Monster 
17698,Yatumu Guardian 
17703,Messenger's Guard 
17707,Land Snow Monkey 
17708,Icy Snow Monkey 
17709,Pink Snow Monkey 
17710,Wind Snow Monkey 
17711,Land Door God 
17712,Snow Door God 
17713,Violence Door God 
17714,Swift Door God 
17715,Wit Monkey 
17716,Martial Chicken 
17717,Energy Dog 
17718,Holy Water Spirit 
17719,Alien 
17720,Mystic Sunshade 
17721,Black Hill Monster 
17722, Sky Green Dragon 
17727,Frenzy Skeleton 
17728,Chaotic Skeleton 
17729,Angry Skeleton 
17730,Greedy Skeleton 
17732,Immortal Mummy 
17736,Saint Lion 
17737,Ox-headed Demon 
17738,Half Beast Ghost 
17740,Defensive Ghost 
17741,Supplying Ghost 
17742,Ghost Fighter 
17743,Ghost Inspector  
17744,Innocent Spirit 
17745,Unclaimed Spirit 
17746,Frantic Spirit 
17747,Forgotten Spirit 
17748,Mad Earth Lion 
17749,Mad Sea Lion 
17750,Mad Destructive Lion 
17751,Mad Swift Lion 
17753,White Wolf 
17754,Little Spider 
17758,Defensive Monster 
17759,Sledge Wolf 
17760,Keru 
17761,Crazy Medusa 
17762,Crazy Dracula 
17767,Butterfly 
17771,Man-Horse 
17779,Michelangelo 
17780,Leonardo  
17781,Rafael 
17782,Donatello 
17783,??(?) 
17787,Holy Griffin 
17791,?(?) 
17795,Hippocampus 
17799,Evil Snake Woman 
17800,Mahabrahman 
17801,Trados Monster 
17802,Elephant God 
17803,???(?) 
17807,Slow-witted  Buffalo 
17808,Easy-going Buffalo 
17809,Hot-tempered Buffalo 
17810,Graceful Buffalo 
17815,Giant Snake 
17817,Rock Scorpion 
17818,Icy Scorpion 
17819,Explosive Scorpion 
17820,Destroy Scorpion 
17821,Scorpion Dictator 
17822,Inukami  
17823,Dog Canines 
17824,Dog Power 
17825,Dog Mania 
17826,Ruka the Bird God 
17830,Flattened Starfish 
17834,Ancient Chameleon 
17838,Land Spider 
17842,Saprozoic Vulture 
17846,Rock Cave Barbarian 
17850,Ancient Rock Monster 
17854,Yellow Beetle 
17855,Platinum Beetle 
17856,Orange Beetle 
17857,Golden Beetle 
17858,Dark Horse 
17859,Buffalo 
17864,Giant Moai 
17872,Scorpion King 
17873,Terma Dragon 
17874,Ying Gragon 
17875,Ya Dragon 
17876,Tian Dragon 
17877,Xie Dragon 
17878,Earth Door God 
17880,Frantic Door God 
17881,Violent Door God 
17882,Dragon God 
17883,Sunlight God 
17884,Holy Elephant Numen 
17888,Holy Eagle 
17892,Pink Papilionidae 
17893,Ginkgo Papilionidae 
17894,Red Papilionidae 
17895,Swallowtail Butterfl 
17896,Guardian Griffin 
17898,Bird God 
17899,Directing Monster 
17900,Khaki Bat 
17901,Blue Water Bat 
17902,Flamboyant Bat 
17903,Turquoise Bat 
17908,Hometown Mars 
17912,Evil Griffin 
17914,Charlotte 
17915,Elven Elder  
17916,Holy Beast 
17921,Holy Ball Numen 
17925,Guardian  
17926,Sleepy Pharaoh 
17927,Naughty Fish 
17930,Crane 
17931,Curse Spirit 
17935,Berthaud Guardian 
17939,Coward 
17940,Decayed Mummy 
17942,Moth-eaten Mummy 
17944,Bloody Scorpion 
17945,Dead Bone Scorpion 
17946,Lethal Scorpion 
17947,Shadow Scorpion 
17948,Ancient Mummy 
17952,Bloody Scorpion Lord 
17953,Rotten Scorpion Lord 
17954,Deadly Scorpion Lord 
17955,Scorpion Lord  
17956,Dead Spirit Guardian 
17960,Dragon Spirit 
17961,Shadowy Dragonkin  
17964,Earth Dragon Spirit 
17965,Water Dragon Spirit 
17966,Wind Dragon Spirit 
17967,Dragonkin Spirit 
17968,Dragon Guardian 
17969,Blue Green ET 
17970,Pink ET 
17974,Nightmare 
17975,Holy Dragon 
17976,Huge Crocodile 
17977,Octopus 
17978,??(?) 
17981,Gurnard 
17982,Blue Gurnard 
17983,Red Gurnard 
17984,Aqua Gurnard 
17985,Golden Lanternfish  
17986,Lanternfish 
17987,Angry Lanternfish 
17988,Fishing Rod Fish 
17989,Globefish 
17990,??(?) 
17993,Water Monster 
17994,??(?) 
17997,Mabli 
18000,Game Machine a 
18001,Game Machine b 
18002,Christmas Sled 
18003,??? 
18004,Ax 
18006,Rope 
18007,Dragon Ball 
18008,???? 
18009,Baby Dolls 
18010,Fortune Egg 
18011,?…??? 
18012,Golden Glove 
18013,?? 
18014,ATM 
18016,Androsphinx 
18019,Magpie 
18020,Ill ET 
18021,Cave Crab 
18024,Acina 
18025,Larf 
18027,Magazine Shelf 
18028,Ice Shelf 
18029,???(?) 
18030,Cash Counter 
18031,Cash Shelf 
18032,??(?) 
18033,Shelf1 
18034,????(?) 
18035,Hot Dog 
18036,???(?) 
18037,Fax Machine 
18038,Shelf2 
18039,Beverage Counter 
18040,???(?) 
18041,Cyclops 
18042,Parking Place 
18043,Fire Pile 
18044,Message Board 
18046,Bird Mother 
18047,Cloth1 
18048,Cloth2 
18049,Mechanical Door 
18050,Yanasy 
18051,Ill Elephant 
18052,Dragon Plate 
18053,Right Gate 
18054,Game Machine c 
18055,Game Machine d 
18056,Left Gate 
18058,Broken Ship 
18059,Angel Statue 
18060,Sea Monster 
18061,Bathtub 
18062,Trash Can 
18063,Great Chair 
18064,Board 
18065,Shelley 
18066,Mystic Sound 
18067,Cupid Statue 
18068,Chair 
18069,Round Table 
18070,Tea Table 
18071,Big Bed 
18074,Couchant Figure 
18075,Stone Figure 
18077,Huge Eagle Feather 
18078,Huge Bud 
18080,BBQ Grill 
18081,Superior Weapon  
19000,Cellar Entrance 
19001,Iron Gate 
19002,Trustful 
19005,Trap 
19006,Whelk 
19007,Picky Mouse 
19008,Big Stone 
19010,Common Ax 
19011,Brave Stone 
19012,Big Mushroom 
19014,Secret Door 
19015,Keyhole 
19016,Key on The Statue 
19017,Live Statue 
19020,Guidepost 
19025,Scroll 
19026,Comb 
19027,Trap 2 
19028,Trap 3 
19029,Moai Trap 
19030,Cave Door 
19032,Springboard 
19039,Coconut 
19040,Fishing Rod 
19041,Pail 
19042,Empty Egg 
19043,Dinosaur Cave  
19044,Dinosaur Egg 
19046,Robinson's Raft 
19048,Iron Sword 
19050,(???) 
19051,Small Chameleon 
19052,Wood 
19053,Cellarage 
19054,Huge Cirrus 
19055,Bundled Firewood 
19057,Steel Gate  
19058,Crystal Ore 
19059,Crude Oil Ore 
19060,Sulfur Ore 
19061,Pure Ore 
19062,????? 
19063,????? 
19064,Baby 
19065,Huge Spider 
19066,Spider Xaolan  
19067,Spider's Head 
19068,Spider's Net 
19069,Water Source 
19070,Leaf 
19071,Alloy Ore 
19072,Secret Door (Left) 
19074,Roca's Father Statue 
19076,Melody Trap Do 
19077,Melody Trap Re 
19078,Melody Trap Me 
19079,Melody Trap Fa 
19080,Melody Trap So 
19081,Melody Trap La 
19082,Melody Trap Si 
19083,Magic Wand 
19084,Dragon Rope 1 
19085,Dragon Rope 2 
19086,Yellow Fire 
19087,Green Fire 
19088,Blue Fire 
19089,Trap 4 
19090,Trustful 2 
19093,Big Crystal 
19094,Crystal Skull 
19095,Wallpaper 
19096,Mighty Plane 
19097,Wright Plane 
19098,Last Supper  
19099,Injured Rabbit 
19100,Gravestone 
19101,Tied Seaman 
19109,???? 
19110,Wooden Comb 
19111,Grass Head 
19112,Forgotten Scroll 
19113,Shading Puppet 
19117,Gold Box 
19118,Sealed Bead 
19119,Ill Boy 
19120,Mirror 
19121,Back of Mirror  
19122,Ray 
19123,Magic Trap 
19124,Key to Prison 
19128,Big Peach 
19129,Ill Grandma 
19130,Flying Earth 
19131,Cooked Seaman 
19132,Yellow Skull Pile 
19133,Blue Skull Pile 
19134,Red Skull Pile 
19135,Green Skull Pile 
19136,???? 
19137,???? 
19138,Bloody Mark 
19139,Skull Shadow 
19140,Shadow Right 
19141,Shadow Left 
19142,Flame 
19143,Western Ship Door 
19145,Magic Lamp 
19146,Wooden Bridge 
19147,Truth Bridge 
19148,10th Stone Door 
19149,Flying Cask 
19150,Egypt Stone Door 
19152,Bio Tank 
19153,??? 
19154,Monkey's Hostage 
19155,Chicken's Hostage 
19156,Dog's Hostage 
19157,Rusty Chest 
19158,Lying Disk 
19159,Left Steel Door 
19160,Mortal Niss 
19161,Hug Frederico 
19162,Star Index 
19163,Steel Trap 
19164,Torch Trap 
19165,Crossdrirt 
19166,Ladder 
19167,Flying Sword 
19168,Rope Ladder 
19169,Shadow 
19170,Ice 
19171,Pot 
19172,Luna's Key 
19173,Maids' clothes 
19174,Elin's Weapon Device 
19175,Yanasy Stone Statue 
19176,Cannon House 
19177,Arm-Shop 
19179,Brick 
19180,Handcart Brick 
19182,????? 
19183,Elin's operated  
19184,Vajra 
19185,Rotating Lection 
19186,Moon Mirror 
19188,Statue of Goblin 
19189,Space Craft 
19190,Wallpaper Trap 
19191,The Bottom of Statue 
19192,Boss of Mars 
19193,Golden Temple Gate 
19194,Open Golden Temple 
19195,Mysterious Key 
19196,Mailbox 
19197,The Girl in a Bottle 
19199,Magic Array 
19200,Wallpaper(reverse) 
19201,Boy in an Aquarium 
19202,"Sit down, boy! "
19203,Sea Pearl 
19204,Sunken Ship 
19205,Rudder 
19206,Turtle Shell 
19207,Hoe 
19208,Magic Mirror 
19209,Statue of Yanasy 
19210,Injured Crane 
19211,Wallet 
19212,Gem Key 
19213,Bath Shawl 
19214,Nest 
19216,Key Hole 
19217,Mechanical Pillar 
19218,Stone Door 
19219,Blooddrop 
19220,Roca was shot 
19221,Broken Roof 
19222,Dragon Pole 
19223,???? 
19224,Soul Wand Trap 
19225,Dragon Sword Trap 
19226,Gold Hill 
19227,Candy Hill 
19229,Poor Hen 
19230,Sky Sake 
19232,Odyssey's Book 
19233,Chaos Book 
19234,Book in Bookcase 
19235,Cute Moppet 
19236,Dark Sword 
19237,Bead for Trap 
19238,Hide Animal Sound 
19239,Monster's Skull 
19240,Binded Wood 
19241,Ant Egg Cave 
19242,Writing Brushes 
19243,Ink Stones 
19244,While Skeleton Pile 
19245,Big Treasure Box 
19246,Puppet Master House 
19247,Nice Table 
19248,Flying Earth (Small) 
19249,Special Magic Array 
19250,? 
19251,Banana 
19252,Pineapple 
19253,Mandarin Orange 
19254,Strawberry 
19255,Watermelon 
19256,Juicy Peach 
19257,Apple 
19258,Grape 
19259,Bell Trap 
19260,Bread 
19261,Pocket Watch 
19262,Wen Chicken 
19263,Tied Villager 
19265,Water Fairy Statue 
19268,Mystic Bottle 
19269,Bottle Shelf 
19270,Sapphire Ring 
19272,Box 
19274,Small Red Flower 
19275,Cow 
19276,Wanted Notice 
19277,Giant Rock 
19279,Sunny Armlet 
19280,Mana Trap 
19281,Water Vat 
19282,Antique Mirror 
19283,Love Music Box 
19284,Fog Rock 
19285,Zon Jan 
19286,Ginseng Leave 
19287,Steven's Key  
19288,Trainer's Case 
19289,Hairpin 
19290,Slave Boat Key 
19291,Crushed Sealed Stone 
19292,Crushed Stone 
19293,Wolf's Tail 
19294,Sherry  
19296,Jade 
19297,Wineglass 
19298,Wooden Pile 
19299,Porcelain 
19300,Button 4 
19302,Liner Bag 
19303,Grassland Trap 
19304,Hayate. 
19305,Drainage Key 
19306,Icy Cellar 
19307,Blown Carpet 
20000,Chameleon Lord 
20014,White Wolf Lord 
20019,Rock Monster Lord 
20038,Holy Spirit Lord 
20039,Fighter's Spirit 
20048,Ancient Scorpion 
20057,Huge Moai 
20058,Stone Moai 
20060,Blaze Moai 
20061,Breeze Moai 
20077,Darkness Roca 
20078,Darkness Lan 
20079,Dark Shasha 
20081,Darkness Clive 
20082,Darkness Qlaya  
20083,Darkness Kanako  
20084,Darkness Magellan 
20089,Junior Guard 
20093,Middle Guard 
20097,Advanced Guard 
20101,Skeleton Soldier 
20105,Skeleton Leader 
20109,Skeleton General 
20117,Earnes Medusa 
20120,Scorpion Lord 
20140,Half Beast Man 
20149,Test Guard 
20152,Small Year Beast  
20157,Huge Year Beast  
20158,Tsiji 
20159,Torch 
20160,Barricade 
20161,Aries Fighter 
20162,Taurus Fighter 
20163,Gemini Fighter 
20164,Cancer Fighter 
20165,Leo Fighter 
20166,Virgo Fighter 
20167,Libra Fighter 
20168,Scorpio Fighter 
20169,Sagittarius Fighter 
20170,Capricorn Fighter 
20171,Aquarius Fighter 
20172,Pisces Fighter 
20175,Pegasus Fighter 
20176,Draco Fighter 
20177,Cygnus Fighter 
20178,Andromeda Fighter 
20179,Aries Guard 
20183,Taurus Guard 
20187,Gemini Spirit 
20191,Cancer  Guard 
20193,Cursed Palace Guard 
20199,Leo  Guard 
20203,Virgo Guardian 
20207,Libra Guardian 
20211,Scorpio  Guard 
20215,Sagittarius Guardian 
20219,Capricorn Guardian 
20223,Aquarius Guardian 
20227,Pisces  Guard 
20232,Blue Seaflower 
20233,Angry Seaflower 
20234,Green Seaflower 
20235,Earth Starfish 
20236,Water Starfish 
20237,Fire Starfish 
20238,Green Starfish 
20239,Beach Crab 
20240,Water Crab 
20241,Flame Crab 
20242,Wind Crab 
20243,Little Jellyfish 
20244,Evil Jellyfish 
20245,Poisonous Jellyfish 
20246,Gentle Jellyfish 
20247,Stone Eagle 
20248,Gold Eagle 
20249,Strange Jellyfish 
20250,Yellow Vine 
20251,Purple Vine 
20252,Roce Vine 
20253,Lavender Vine 
20254,Horrible Tree 
20255,Gentle Tree 
20256,Hot Tree 
20257,Green Tree 
20258,Evil Tree 
20259,Earth Parrot 
20260,Forest Parrot 
20261,Hot Parrot 
20262,Green Parrot 
20263,Earth Leopard 
20264,Coast Leopard 
20265,Gold Leopard 
20266,Fast Leopard 
20268,Sand Bat 
20269,Frozen Bat 
20270,Hot Bat 
20271,Forest Bat 
20272,Earth-skin Troll 
20273,Blue-skin Troll 
20274,Red-skin Troll 
20275,Green-skin Troll 
20276,Huge Stone Monster 
20277,Yellow Rock 
20278,Blue Rock 
20279,Lava Monster 
20280,Green Rock 
20281,Yellow Flying Dragon 
20282,Blue Flying Dragon 
20283,Angry Flying Dragon 
20284,Typhoon Dragon 
20285,Boiled Rock Monster 
20286,Yellow Spider 
20287,Fog Spider 
20288,Poisonous Spider 
20289,Spider Demon 
20290,Angry Ghost 
20294,Cursed Ghost 
20295,Yellow Shark 
20296,Blue Shark 
20297,Red Shark 
20298,Green Shark 
20299,Sealed Water Demon 
20300,Dark Water Demon 
20301,Fire Water Demon 
20302,Scared Water Demon 
20303,Water Demon 
20307,Yellow Polyphemus 
20308,Blue Polyphemus 
20309,Red Polyphemus 
20310,Forest Polyphemus 
20311,Monster Polyphemus 
20312,Eyshoi 
20313,Lutiya 
20314,Banucius 
20315,Dara 
20316,Yellow Centaur 
20317,Blue Centaur 
20318,Red Centaur 
20319,Green Centaur 
20320,Demon Louis 
20321,Demon Eva 
20322,Demon Shizune 
20323,Demon Hayate. 
20324,Demon Sam 
20325,Demon Angela  
20326,Demon Victoria 
20327,Demon Frederico 
20328,Demon Athena 
20329,Demon Roca 
20330,Demon Xaolan 
20331,Demon Shasha 
20332,Demon Niss 
20333,Demon Clive 
20334,Demon Qlaya 
20335,Demon Kanako 
20336,Demon Magallanes 
20337,Huge Stone Scorpion  
20338,Tsunami Scorpion 
20339,Inferno Scorpion 
20340,Deathwind Scorpion 
30000,Hammerhead Shark 
30001,???(?) 
30004,Shark 
30005,Dust Shark 
30007,Jumping Shark 
30008,Sea Lion 
30009,??(?) 
30012,Camel 
30013,??(?) 
30016,Leopard 
30017,White Leopard 
30018,Golden Leopard 
30019,Green Leopard 
30020,Brown Parrot 
30021,Water Color Parrot 
30022,Flamboyant Parrot 
30024,Owl 
30025,Blue Owl 
30026,Red Owl 
30027,Green Owl 
30028,Unicorn 
30029,?…?(?) 
30032,Nine-tail Fox 
30033,Orachi 
30035,Tripleheaded Dog 
30036,Kirin 
30037,Abra Earthworm 
30038,Forest Spirit 
30042,Cow Ghost 
30043,Evil Skeleton 
30048,Snake Enchantress 
30053,Greedy Snake  
30054,Frightened Snake 
30055,Despairing Snake 
30056,Trap Snake 
30057,Evil Snake 
30058,Lust Snake 
30059,Dark Snake  
30060,Blood Snake  
30061,Ancient Sea Horse 
30062,Sea Horse King 
30063,Graceful Sea Horse 
30064,Green Sea Horse 
30065,Giant Water Monster 
30066,Khaki Water Monster 
30067,Blue Water Monster 
30068,Red Water Monster 
30069,Green Water Monster 
30070,Hedges 
30071,Rudi 
30072,Aoma 
30073,Add 
30074,Huge Violent Shark 
30076,Red Ant Soldier 
30077,Cave Ant Soldier 
30078,Green Ant Soldier 
30079,Male Poisonous Ant 
30080,Ant Queen 
30081,Male Cave Ant 
30082,Green Male Ant 
30083,Megapod Beast 
30087,Huge Megapod Beast 
30088,Royal Dragon 
30089,Slamdoo 
30093,Lactobacillus 
30097,Garden Beast  
30098,Bird Robber 
30101,Pterosaur 
30105,Gold Griffin 
30107,Cerberus 
30111,Nessie 
30115,Huge Kirin 
30121,Bloody Tiger 
30122,Strong Cattle 
30126,Brutal Tiger 
30130,Deity Dragon 
30134,Little Yellow Bat 
30135,Little Blue Bat 
30136,Little Red Bat 
30137,Little Green Bat 
30138,Nice Chicken 
30139,Cupid 
30146,Furou 
30148,Mabel 
30149,Evil Fox 
30150,Holy Pumpkin Monster 
30151,Wild Sandworm 
30152,Blue Sandworm 
30153,Red Sandworm  
30154,Green Sandworm 
30155,Earth Sandworm  
30156,Rock Lizard 
30157,Gem Lizard 
30158,Fire Lizard 
30159,Jade Lizard 
30160,Huge Sandworm 
30164,Giant Lizard 
30168,Earth Pangolin 
30169,Blue Pangolin 
30170,Fire Pangolin 
30171,Green Pangolin 
30172,Sandworm 
30173,One-eyed Giant 
30174,One-Eyed Monster 
30178,Murloc 
30180,Bloody Snake 
30200,Bi-heads Snake 
30201,Skull Soul 
30213,Treasure Guard 
30214,One-Eyed Demon 
30222,Huge Flower 
30226,Kitty 
30232,Spirite Captain 
30233,Furious Mummy 
30237,Yellow-Copper Tiger 
30238,Blue-Wave Tiger 
30239,Flaming Tiger 
30240,Green Wind Tiger 
30242,Rock Irondino 
30243,Green Irondino 
30244,Flaming Irondino 
30245,Copper Irondino 
30246,Iron Dino 
30247,Flaming Phenix 
30248,Icy Phenix 
30249,Fire Phenix 
30250,Copper Phenix 
30251,Phenix 
30252,Rock Dragon 
30253,Icy Dragon 
30254,Flaming Dragon 
30255,Speed Dragon 
30256,Black Dragon 
30259,Pegasus 
30260,Rock Kirin 
30261,Lightening Kirin 
30262,Flaming Kirin 
30263,Wind Kirin 
30264,Holy Kirin 
30284,Gerrard 
30285,Thandol 
30286,Pacula 
30287,Torrado 
30288,Laredo 
30289,Gipps 
30290,Beer 
30291,Super Ginseng 
30292,Rock Ginseng 
30293,Blue Ginseng 
30294,Fire Ginseng 
30295,Green Ginseng 
30296,Rock Pangolin 
30297,Water Pangolin 
30299,Nature Pangolin 
30300,Earth Platypus 
30301,Bubble Platypus 
30302,Roaring Platypus 
30303,Natural Platypus 
30304,Cave Spider 
30305,Water Spider 
30306,Fury Spider 
30307,Hot Spider 
30308,Duck 
30309,Gold Persian Cat  
30310,Yellow Rock Owl 
30311,Blue Feather Owl 
30312,Red Eyed Owl 
30324,Horrible Tiger 
30329,Evil Armored Soldier 
30330,Evil Skull Soldier 
30341,Boa 
30343,Poisonous Boa 
30347,Cherrytree Evil 
30348,Watertree Evil 
30349,Firetree Evil 
30350,Windtree Evil 
30351,Earthtree Evil 
30352,ET Doctor 
30357,Super Brown Bear 
30358,Forest Brown Bear 
30359,Infernal Brown Bear 
30360,Natural Brown Bear 
30361,Feena 
30362,Red Nose Bear 
30363,Mirage Wolf 
30367,Abeni 
30368,Cursed Spirit 
30372,Undying Man  
30376,Kusarikku Statue 
30377,Parth 
30378,Kusarikku 
30384,Red Stingray 
30386,Huge Lanternfish 
30395,Mud Stingray 
30399,Rushing Pig 
30400,Pushing Pig  
30401,Crushing Pig 
30402,Fast Pig 
30403,Fierce Pig 
30404,Wild Boar 
30409,Kedi 
30410,Crocodile 
30420,Pangolin 
30421,Red Pangolin 
30422,Yoyo 
30429,Huge Red Dragon 
30430,Rocky Dragon 
30431,Blue Icy Dragon 
30432,Night Dragon 
30433,Shadow Dragon 
30434,Cream Sheep 
30438,Huge Dragon 
30443,Shadow Tiger 
30444,Shadow Hill Monster 
30445,Blunt 
31000,???? 
31001,??? 
31003,?? 
31005,?? 
31006,?? 
31007,???? 
31008,??? 
31009,??? 
31010,?? 
31011,???? 
31012,??? 
31013,??? 
31014,Phoenix 
31015,???? 
31016,?? 
31017,??? 
31018,??? 
31019,??? 
31020,???? 
31021,???? 
31022,???? 
31023,?? 
31024,????? 
31043,????? 
31044,Event Clerk 
31045,Register Place 
31046, PvP Clerk 
31047,Dancer 
31048,???? 
31051,Flower Spirit 
31053,Snake Demon 
31054,Minotaur 
31055,Immortal Soldier 
35000,King Arthur 
35001,Guinevere  
35002,Lancelot  
35003,Merlin 
35019,Maid 
35020,Stephen 
35027,Mysterious Knight 
35028,Jessi 
35029,Sis 
35031,Eleanor  
35035,David 
35036,Huggen 
35037,Huggen Mama 
35038,Sheena  
35044,Josh 
35045,Grandfather 
35046,Bruce 
35200,Joan 
35201,French Aristocrat 
35214,Sister 
35215,Nassjo 
35219,Liz 
35221,Alpha 
35222,Guise 
35223,Militia  
35227,Matthew 
35228,Koliz 
35229,Batty Witch 
35230,Celin  
35231,Ree 
35232,Mina 
35233,Doctor Mate 
35237,Kendal  
35238,Aaron 
35239,Josephine  
35244,Guard Captain 
35246,Lancelot 
35252,Dark Knight--Kirk 
35253,Jeanne 
35400,African Elder 
35401,Kennaca 
35402,Forest Negro 
35403,Kidnapper Leader 
35404,Kidnapper 
35408,Lamont 
35409,Leith 
35600,Towers 
35601,Odyssea 
35605,Yenela 
35606,Yina 
35607,Queene 
35608,Athletic 
35609,Hanna 
35610,Professor Jacob 
35611,Young Brawler 
35615,Woklone 
35616,Orderly Man 
35621,Floyd 
35622,Senate Official 
35626,Renault 
35627,Emma 
35800,Statue Monster 
35805,Merchant of Venice 
35806,Big Boy 
35808,Little Dog 
40000,Slame Lord 
40001,Young Slame 
40005,Radiation Male Ant 
40006,Radiation Ant Queen 
40007,Worker Ant 
40011,Gebula 
40012,Little Spirit 
40016,Robber Leader 
40021,Dark Priest 
40022,Dark Frog 
40026,Zhang Liang 
40027,Zhang Bao 
40028,Zhang Jiao 
40029,Yellow-hood Thief 
40033,Iga 
40037,Kouga 
40041,Emperor Alexander 
40042,Royal Guardian 
40046,Royal Soldier 
40050,Guard Lohan 
40051,Meditative Lohan 
40052,Bag Lohan 
40053,Tiger Lohan 
40054,Dragon Lohan 
40055,Bronzeman 
40059,Minji 
40060,Minjie 
40061,Min Soldier 
40065,Min Guard 
40069,Ptolemaic 
40070,Hephaestion 
40072,Shande 
40073,Qisan 
40074,Weisan 
40075,Variant Dinosaur 
40095,Scientist 
40097,Happy Brother 
40098,Peach Sister 
40099,Apple Sister 
40100,Strawberry Sister 
40101,Grape Sister 
40102,Orange Brother 
40103,Pineapple Brother 
40104,Watermelon Brother 
40105,Banana Brother 
40106,Grape Guard 
40111,Orange Guard 
40112,Orange  Monster 
40116,Strawberry Guard 
40117,Strawberry  Monster 
40121,Pineapple Guard 
40126,Butterfly Sister 
40127,Butterfly Guard 
40131,Dragonfly Brother 
40132,Dragonfly Guard 
40136,Bee Sister 
40137,Bee Guard 
40141,Watermelon Guard 
40142,Watermelon  Monster 
40146,Apple Guard 
40147,Apple  Monster 
40151,Banana Guard 
40156,Peach Guard 
40157,Peach  Monster 
40161,Fuji 
40162,Dog 
40166,Obedient 
40167,Loyal 
40169,Wise 
40170,Polite 
40171,Friendly  
40172,Merciful 
40173,Faithful 
40174,Commander 
40175,ET Captain 
40177,Sergeant 
40181,Eunic Monster 
40189,Huge Octopus 
40191,Murderous Shark 
40192,Huge Shark 
40193,Marlyn 
40194,Nimo 
40195,Aliecars 
40196,Morris 
40197,Baharmute 
40198,Bo Derek 
40199,Vulcano Guard 
40203,Clever Mouse 
40204,Mouse 
40208,Pinheaded Ox 
40209,Little Ox 
40213,Jumping Tiger 
40214,Little Tiger 
40218,Rabbit Peter 
40219,White Rabbit 
40223,Dragon Doudou 
40224,Little Dragon 
40228,Corn Snake 
40229,Little Snake 
40233,Thunderbolt Horse 
40234,Little Horse 
40238,Baa Sheep 
40239,Little Sheep 
40243,Naughty Monkey 
40248,Guji Chicken 
40249,Chick 
40253,Pudding Dog 
40258,Pink Pig 
40259,Little Pig 
40263,White Wise Man  
40264,Giant Earthworm 
40266,Devil's Guardian 
40270,Green Devil 
40271,Red Devil 
40272,Devil Kuba 
40282,Antique Mummy 
40292,King Minotaur  
40293,Fox Spirit 
40294,Silver Corn 
40295,Golden Corn 
40296,Spider Spirit 
40313,Monk Xuanzang 
40314,Naughty Elf Lord 
40315,Earth Elf 
40316,Water Elf 
40317,Fire Elf 
40318,Wind Elf 
40319,Gaea Elephant 
40320,Owen Elephant 
40321,Blessed Elephant 
40322,Cloudy Elephant  
40323,Cracked Mammoth 
40324,Icy Mammoth 
40325,Fire Mammoth 
40326,Green Mammoth 
40327,Giant Flying Eagle 
40328,Hunting Eagle 
40329,Twisting Eagle 
40330,Diving Eagle 
40331,Granite Gryphon 
40332,Waterfall Gryphon 
40333,FlamingGryphon 
40334,Storm Gryphon 
40335,Lord Elephant Culver 
40336,Lord Bird Bryant 
40340,Pass 
40342,Gold Horn 
40344,Gryphon 
41000,Instance Interpreter 
41001,Award Giver 
41002,Instance Guide 
